광역시도,시군구,1,2,3,4,5,6,7,8,9,10,11,12
서울특별시,중구,58.0,,,,,,,,,,,
서울특별시,중구,,50.0,,,,,,,,,,
서울특별시,중구,,,65.0,,,,,,,,,
서울특별시,중구,,,,51.0,,,,,,,,
서울특별시,중구,,,,,57.0,,,,,,,
서울특별시,중구,,,,,,48.0,,,,,,
서울특별시,중구,,,,,,,30.0,,,,,
서울특별시,중구,,,,,,,,31.0,,,,
서울특별시,중구,,,,,,,,,25.0,,,
서울특별시,중구,,,,,,,,,,40.0,,
서울특별시,중구,,,,,,,,,,,70.0,
서울특별시,중구,,,,,,,,,,,,63.0
서울특별시,종로구,59.0,,,,,,,,,,,
서울특별시,종로구,,50.0,,,,,,,,,,
서울특별시,종로구,,,57.0,,,,,,,,,
서울특별시,종로구,,,,49.0,,,,,,,,
서울특별시,종로구,,,,,56.0,,,,,,,
서울특별시,종로구,,,,,,56.0,,,,,,
서울특별시,종로구,,,,,,,42.0,,,,,
서울특별시,종로구,,,,,,,,39.0,,,,
서울특별시,종로구,,,,,,,,,31.0,,,
서울특별시,종로구,,,,,,,,,,44.0,,
서울특별시,종로구,,,,,,,,,,,75.0,
서울특별시,종로구,,,,,,,,,,,,44.0
서울특별시,중랑구,60.0,,,,,,,,,,,
서울특별시,중랑구,,48.0,,,,,,,,,,
서울특별시,중랑구,,,63.0,,,,,,,,,
서울특별시,중랑구,,,,49.0,,,,,,,,
서울특별시,중랑구,,,,,55.0,,,,,,,
서울특별시,중랑구,,,,,,50.0,,,,,,
서울특별시,중랑구,,,,,,,31.0,,,,,
서울특별시,중랑구,,,,,,,,32.0,,,,
서울특별시,중랑구,,,,,,,,,24.0,,,
서울특별시,중랑구,,,,,,,,,,41.0,,
서울특별시,중랑구,,,,,,,,,,,75.0,
서울특별시,중랑구,,,,,,,,,,,,66.0
서울특별시,동대문구,63.0,,,,,,,,,,,
서울특별시,동대문구,,52.0,,,,,,,,,,
서울특별시,동대문구,,,65.0,,,,,,,,,
서울특별시,동대문구,,,,51.0,,,,,,,,
서울특별시,동대문구,,,,,58.0,,,,,,,
서울특별시,동대문구,,,,,,53.0,,,,,,
서울특별시,동대문구,,,,,,,33.0,,,,,
서울특별시,동대문구,,,,,,,,33.0,,,,
서울특별시,동대문구,,,,,,,,,27.0,,,
서울특별시,동대문구,,,,,,,,,,44.0,,
서울특별시,동대문구,,,,,,,,,,,76.0,
서울특별시,동대문구,,,,,,,,,,,,68.0
서울특별시,은평구,52.0,,,,,,,,,,,
서울특별시,은평구,,46.0,,,,,,,,,,
서울특별시,은평구,,,60.0,,,,,,,,,
서울특별시,은평구,,,,48.0,,,,,,,,
서울특별시,은평구,,,,,56.0,,,,,,,
서울특별시,은평구,,,,,,48.0,,,,,,
서울특별시,은평구,,,,,,,32.0,,,,,
서울특별시,은평구,,,,,,,,31.0,,,,
서울특별시,은평구,,,,,,,,,23.0,,,
서울특별시,은평구,,,,,,,,,,36.0,,
서울특별시,은평구,,,,,,,,,,,68.0,
서울특별시,은평구,,,,,,,,,,,,62.0
서울특별시,마포구,63.0,,,,,,,,,,,
서울특별시,마포구,,54.0,,,,,,,,,,
서울특별시,마포구,,,67.0,,,,,,,,,
서울특별시,마포구,,,,52.0,,,,,,,,
서울특별시,마포구,,,,,59.0,,,,,,,
서울특별시,마포구,,,,,,52.0,,,,,,
서울특별시,마포구,,,,,,,32.0,,,,,
서울특별시,마포구,,,,,,,,31.0,,,,
서울특별시,마포구,,,,,,,,,26.0,,,
서울특별시,마포구,,,,,,,,,,43.0,,
서울특별시,마포구,,,,,,,,,,,77.0,
서울특별시,마포구,,,,,,,,,,,,71.0
서울특별시,영등포구,59.0,,,,,,,,,,,
서울특별시,영등포구,,51.0,,,,,,,,,,
서울특별시,영등포구,,,66.0,,,,,,,,,
서울특별시,영등포구,,,,56.0,,,,,,,,
서울특별시,영등포구,,,,,62.0,,,,,,,
서울특별시,영등포구,,,,,,52.0,,,,,,
서울특별시,영등포구,,,,,,,31.0,,,,,
서울특별시,영등포구,,,,,,,,31.0,,,,
서울특별시,영등포구,,,,,,,,,26.0,,,
서울특별시,영등포구,,,,,,,,,,44.0,,
서울특별시,영등포구,,,,,,,,,,,76.0,
서울특별시,영등포구,,,,,,,,,,,,68.0
서울특별시,동작구,56.0,,,,,,,,,,,
서울특별시,동작구,,47.0,,,,,,,,,,
서울특별시,동작구,,,52.0,,,,,,,,,
서울특별시,동작구,,,,45.0,,,,,,,,
서울특별시,동작구,,,,,54.0,,,,,,,
서울특별시,동작구,,,,,,58.0,,,,,,
서울특별시,동작구,,,,,,,37.0,,,,,
서울특별시,동작구,,,,,,,,37.0,,,,
서울특별시,동작구,,,,,,,,,26.0,,,
서울특별시,동작구,,,,,,,,,,40.0,,
서울특별시,동작구,,,,,,,,,,,66.0,
서울특별시,동작구,,,,,,,,,,,,61.0
서울특별시,관악구,64.0,,,,,,,,,,,
서울특별시,관악구,,56.0,,,,,,,,,,
서울특별시,관악구,,,68.0,,,,,,,,,
서울특별시,관악구,,,,55.0,,,,,,,,
서울특별시,관악구,,,,,63.0,,,,,,,
서울특별시,관악구,,,,,,56.0,,,,,,
서울특별시,관악구,,,,,,,34.0,,,,,
서울특별시,관악구,,,,,,,,34.0,,,,
서울특별시,관악구,,,,,,,,,29.0,,,
서울특별시,관악구,,,,,,,,,,46.0,,
서울특별시,관악구,,,,,,,,,,,80.0,
서울특별시,관악구,,,,,,,,,,,,71.0
서울특별시,강남구,63.0,,,,,,,,,,,
서울특별시,강남구,,53.0,,,,,,,,,,
서울특별시,강남구,,,67.0,,,,,,,,,
서울특별시,강남구,,,,53.0,,,,,,,,
서울특별시,강남구,,,,,59.0,,,,,,,
서울특별시,강남구,,,,,,53.0,,,,,,
서울특별시,강남구,,,,,,,32.0,,,,,
서울특별시,강남구,,,,,,,,32.0,,,,
서울특별시,강남구,,,,,,,,,28.0,,,
서울특별시,강남구,,,,,,,,,,44.0,,
서울특별시,강남구,,,,,,,,,,,78.0,
서울특별시,강남구,,,,,,,,,,,,68.0
서울특별시,금천구,58.0,,,,,,,,,,,
서울특별시,금천구,,53.0,,,,,,,,,,
서울특별시,금천구,,,53.0,,,,,,,,,
서울특별시,금천구,,,,44.0,,,,,,,,
서울특별시,금천구,,,,,54.0,,,,,,,
서울특별시,금천구,,,,,,55.0,,,,,,
서울특별시,금천구,,,,,,,39.0,,,,,
서울특별시,금천구,,,,,,,,35.0,,,,
서울특별시,금천구,,,,,,,,,29.0,,,
서울특별시,금천구,,,,,,,,,,42.0,,
서울특별시,금천구,,,,,,,,,,,62.0,
서울특별시,금천구,,,,,,,,,,,,51.0
서울특별시,강동구,49.0,,,,,,,,,,,
서울특별시,강동구,,49.0,,,,,,,,,,
서울특별시,강동구,,,63.0,,,,,,,,,
서울특별시,강동구,,,,50.0,,,,,,,,
서울특별시,강동구,,,,,57.0,,,,,,,
서울특별시,강동구,,,,,,41.0,,,,,,
서울특별시,강동구,,,,,,,0.0,,,,,
서울특별시,강동구,,,,,,,,27.0,,,,
서울특별시,강동구,,,,,,,,,23.0,,,
서울특별시,강동구,,,,,,,,,,39.0,,
서울특별시,강동구,,,,,,,,,,,66.0,
서울특별시,강동구,,,,,,,,,,,,58.0
서울특별시,강북구,54.0,,,,,,,,,,,
서울특별시,강북구,,45.0,,,,,,,,,,
서울특별시,강북구,,,51.0,,,,,,,,,
서울특별시,강북구,,,,46.0,,,,,,,,
서울특별시,강북구,,,,,53.0,,,,,,,
서울특별시,강북구,,,,,,52.0,,,,,,
서울특별시,강북구,,,,,,,39.0,,,,,
서울특별시,강북구,,,,,,,,33.0,,,,
서울특별시,강북구,,,,,,,,,25.0,,,
서울특별시,강북구,,,,,,,,,,38.0,,
서울특별시,강북구,,,,,,,,,,,57.0,
서울특별시,강북구,,,,,,,,,,,,50.0
서울특별시,성북구,56.0,,,,,,,,,,,
서울특별시,성북구,,47.0,,,,,,,,,,
서울특별시,성북구,,,60.0,,,,,,,,,
서울특별시,성북구,,,,43.0,,,,,,,,
서울특별시,성북구,,,,,43.0,,,,,,,
서울특별시,성북구,,,,,,42.0,,,,,,
서울특별시,성북구,,,,,,,27.0,,,,,
서울특별시,성북구,,,,,,,,27.0,,,,
서울특별시,성북구,,,,,,,,,22.0,,,
서울특별시,성북구,,,,,,,,,,36.0,,
서울특별시,성북구,,,,,,,,,,,64.0,
서울특별시,성북구,,,,,,,,,,,,57.0
서울특별시,용산구,61.0,,,,,,,,,,,
서울특별시,용산구,,51.0,,,,,,,,,,
서울특별시,용산구,,,63.0,,,,,,,,,
서울특별시,용산구,,,,50.0,,,,,,,,
서울특별시,용산구,,,,,56.0,,,,,,,
서울특별시,용산구,,,,,,50.0,,,,,,
서울특별시,용산구,,,,,,,32.0,,,,,
서울특별시,용산구,,,,,,,,32.0,,,,
서울특별시,용산구,,,,,,,,,25.0,,,
서울특별시,용산구,,,,,,,,,,40.0,,
서울특별시,용산구,,,,,,,,,,,72.0,
서울특별시,용산구,,,,,,,,,,,,67.0
서울특별시,광진구,58.0,,,,,,,,,,,
서울특별시,광진구,,47.0,,,,,,,,,,
서울특별시,광진구,,,60.0,,,,,,,,,
서울특별시,광진구,,,,47.0,,,,,,,,
서울특별시,광진구,,,,,54.0,,,,,,,
서울특별시,광진구,,,,,,47.0,,,,,,
서울특별시,광진구,,,,,,,29.0,,,,,
서울특별시,광진구,,,,,,,,30.0,,,,
서울특별시,광진구,,,,,,,,,22.0,,,
서울특별시,광진구,,,,,,,,,,40.0,,
서울특별시,광진구,,,,,,,,,,,71.0,
서울특별시,광진구,,,,,,,,,,,,63.0
서울특별시,성동구,60.0,,,,,,,,,,,
서울특별시,성동구,,50.0,,,,,,,,,,
서울특별시,성동구,,,61.0,,,,,,,,,
서울특별시,성동구,,,,49.0,,,,,,,,
서울특별시,성동구,,,,,56.0,,,,,,,
서울특별시,성동구,,,,,,50.0,,,,,,
서울특별시,성동구,,,,,,,29.0,,,,,
서울특별시,성동구,,,,,,,,29.0,,,,
서울특별시,성동구,,,,,,,,,23.0,,,
서울특별시,성동구,,,,,,,,,,39.0,,
서울특별시,성동구,,,,,,,,,,,73.0,
서울특별시,성동구,,,,,,,,,,,,65.0
서울특별시,도봉구,56.0,,,,,,,,,,,
서울특별시,도봉구,,44.0,,,,,,,,,,
서울특별시,도봉구,,,57.0,,,,,,,,,
서울특별시,도봉구,,,,43.0,,,,,,,,
서울특별시,도봉구,,,,,47.0,,,,,,,
서울특별시,도봉구,,,,,,40.0,,,,,,
서울특별시,도봉구,,,,,,,28.0,,,,,
서울특별시,도봉구,,,,,,,,28.0,,,,
서울특별시,도봉구,,,,,,,,,21.0,,,
서울특별시,도봉구,,,,,,,,,,38.0,,
서울특별시,도봉구,,,,,,,,,,,67.0,
서울특별시,도봉구,,,,,,,,,,,,62.0
서울특별시,서대문구,62.0,,,,,,,,,,,
서울특별시,서대문구,,46.0,,,,,,,,,,
서울특별시,서대문구,,,65.0,,,,,,,,,
서울특별시,서대문구,,,,50.0,,,,,,,,
서울특별시,서대문구,,,,,60.0,,,,,,,
서울특별시,서대문구,,,,,,62.0,,,,,,
서울특별시,서대문구,,,,,,,41.0,,,,,
서울특별시,서대문구,,,,,,,,33.0,,,,
서울특별시,서대문구,,,,,,,,,31.0,,,
서울특별시,서대문구,,,,,,,,,,45.0,,
서울특별시,서대문구,,,,,,,,,,,85.0,
서울특별시,서대문구,,,,,,,,,,,,57.0
서울특별시,구로구,62.0,,,,,,,,,,,
서울특별시,구로구,,53.0,,,,,,,,,,
서울특별시,구로구,,,66.0,,,,,,,,,
서울특별시,구로구,,,,52.0,,,,,,,,
서울특별시,구로구,,,,,58.0,,,,,,,
서울특별시,구로구,,,,,,51.0,,,,,,
서울특별시,구로구,,,,,,,31.0,,,,,
서울특별시,구로구,,,,,,,,31.0,,,,
서울특별시,구로구,,,,,,,,,26.0,,,
서울특별시,구로구,,,,,,,,,,44.0,,
서울특별시,구로구,,,,,,,,,,,75.0,
서울특별시,구로구,,,,,,,,,,,,65.0
서울특별시,서초구,61.0,,,,,,,,,,,
서울특별시,서초구,,52.0,,,,,,,,,,
서울특별시,서초구,,,64.0,,,,,,,,,
서울특별시,서초구,,,,51.0,,,,,,,,
서울특별시,서초구,,,,,57.0,,,,,,,
서울특별시,서초구,,,,,,51.0,,,,,,
서울특별시,서초구,,,,,,,30.0,,,,,
서울특별시,서초구,,,,,,,,31.0,,,,
서울특별시,서초구,,,,,,,,,25.0,,,
서울특별시,서초구,,,,,,,,,,42.0,,
서울특별시,서초구,,,,,,,,,,,74.0,
서울특별시,서초구,,,,,,,,,,,,66.0
서울특별시,강서구,62.0,,,,,,,,,,,
서울특별시,강서구,,52.0,,,,,,,,,,
서울특별시,강서구,,,64.0,,,,,,,,,
서울특별시,강서구,,,,50.0,,,,,,,,
서울특별시,강서구,,,,,57.0,,,,,,,
서울특별시,강서구,,,,,,50.0,,,,,,
서울특별시,강서구,,,,,,,31.0,,,,,
서울특별시,강서구,,,,,,,,30.0,,,,
서울특별시,강서구,,,,,,,,,26.0,,,
서울특별시,강서구,,,,,,,,,,39.0,,
서울특별시,강서구,,,,,,,,,,,63.0,
서울특별시,강서구,,,,,,,,,,,,64.0
서울특별시,송파구,59.0,,,,,,,,,,,
서울특별시,송파구,,47.0,,,,,,,,,,
서울특별시,송파구,,,58.0,,,,,,,,,
서울특별시,송파구,,,,47.0,,,,,,,,
서울특별시,송파구,,,,,51.0,,,,,,,
서울특별시,송파구,,,,,,46.0,,,,,,
서울특별시,송파구,,,,,,,27.0,,,,,
서울특별시,송파구,,,,,,,,28.0,,,,
서울특별시,송파구,,,,,,,,,23.0,,,
서울특별시,송파구,,,,,,,,,,42.0,,
서울특별시,송파구,,,,,,,,,,,74.0,
서울특별시,송파구,,,,,,,,,,,,62.0
서울특별시,양천구,64.0,,,,,,,,,,,
서울특별시,양천구,,53.0,,,,,,,,,,
서울특별시,양천구,,,56.0,,,,,,,,,
서울특별시,양천구,,,,52.0,,,,,,,,
서울특별시,양천구,,,,,62.0,,,,,,,
서울특별시,양천구,,,,,,59.0,,,,,,
서울특별시,양천구,,,,,,,38.0,,,,,
서울특별시,양천구,,,,,,,,38.0,,,,
서울특별시,양천구,,,,,,,,,30.0,,,
서울특별시,양천구,,,,,,,,,,44.0,,
서울특별시,양천구,,,,,,,,,,,67.0,
서울특별시,양천구,,,,,,,,,,,,57.0
서울특별시,노원구,55.0,,,,,,,,,,,
서울특별시,노원구,,46.0,,,,,,,,,,
서울특별시,노원구,,,50.0,,,,,,,,,
서울특별시,노원구,,,,42.0,,,,,,,,
서울특별시,노원구,,,,,49.0,,,,,,,
서울특별시,노원구,,,,,,42.0,,,,,,
서울특별시,노원구,,,,,,,26.0,,,,,
서울특별시,노원구,,,,,,,,27.0,,,,
서울특별시,노원구,,,,,,,,,19.0,,,
서울특별시,노원구,,,,,,,,,,32.0,,
서울특별시,노원구,,,,,,,,,,,55.0,
서울특별시,노원구,,,,,,,,,,,,45.0
부산광역시,중구,53.0,,,,,,,,,,,
부산광역시,중구,,51.0,,,,,,,,,,
부산광역시,중구,,,68.0,,,,,,,,,
부산광역시,중구,,,,55.0,,,,,,,,
부산광역시,중구,,,,,61.0,,,,,,,
부산광역시,중구,,,,,,53.0,,,,,,
부산광역시,중구,,,,,,,33.0,,,,,
부산광역시,중구,,,,,,,,36.0,,,,
부산광역시,중구,,,,,,,,,33.0,,,
부산광역시,중구,,,,,,,,,,38.0,,
부산광역시,중구,,,,,,,,,,,56.0,
부산광역시,중구,,,,,,,,,,,,51.0
부산광역시,남구,45.0,,,,,,,,,,,
부산광역시,남구,,42.0,,,,,,,,,,
부산광역시,남구,,,63.0,,,,,,,,,
부산광역시,남구,,,,47.0,,,,,,,,
부산광역시,남구,,,,,56.0,,,,,,,
부산광역시,남구,,,,,,56.0,,,,,,
부산광역시,남구,,,,,,,53.0,,,,,
부산광역시,남구,,,,,,,,55.0,,,,
부산광역시,남구,,,,,,,,,46.0,,,
부산광역시,남구,,,,,,,,,,47.0,,
부산광역시,남구,,,,,,,,,,,61.0,
부산광역시,남구,,,,,,,,,,,,52.0
부산광역시,사상구,69.0,,,,,,,,,,,
부산광역시,사상구,,64.0,,,,,,,,,,
부산광역시,사상구,,,83.0,,,,,,,,,
부산광역시,사상구,,,,63.0,,,,,,,,
부산광역시,사상구,,,,,69.0,,,,,,,
부산광역시,사상구,,,,,,0.0,,,,,,
부산광역시,사상구,,,,,,,55.0,,,,,
부산광역시,사상구,,,,,,,,53.0,,,,
부산광역시,사상구,,,,,,,,,51.0,,,
부산광역시,사상구,,,,,,,,,,64.0,,
부산광역시,사상구,,,,,,,,,,,89.0,
부산광역시,사상구,,,,,,,,,,,,80.0
부산광역시,북구,48.0,,,,,,,,,,,
부산광역시,북구,,45.0,,,,,,,,,,
부산광역시,북구,,,65.0,,,,,,,,,
부산광역시,북구,,,,53.0,,,,,,,,
부산광역시,북구,,,,,56.0,,,,,,,
부산광역시,북구,,,,,,52.0,,,,,,
부산광역시,북구,,,,,,,46.0,,,,,
부산광역시,북구,,,,,,,,45.0,,,,
부산광역시,북구,,,,,,,,,44.0,,,
부산광역시,북구,,,,,,,,,,49.0,,
부산광역시,북구,,,,,,,,,,,64.0,
부산광역시,북구,,,,,,,,,,,,61.0
부산광역시,사하구,66.0,,,,,,,,,,,
부산광역시,사하구,,58.0,,,,,,,,,,
부산광역시,사하구,,,69.0,,,,,,,,,
부산광역시,사하구,,,,53.0,,,,,,,,
부산광역시,사하구,,,,,58.0,,,,,,,
부산광역시,사하구,,,,,,51.0,,,,,,
부산광역시,사하구,,,,,,,40.0,,,,,
부산광역시,사하구,,,,,,,,55.0,,,,
부산광역시,사하구,,,,,,,,,48.0,,,
부산광역시,사하구,,,,,,,,,,55.0,,
부산광역시,사하구,,,,,,,,,,,83.0,
부산광역시,사하구,,,,,,,,,,,,78.0
부산광역시,부산진구,54.0,,,,,,,,,,,
부산광역시,부산진구,,49.0,,,,,,,,,,
부산광역시,부산진구,,,70.0,,,,,,,,,
부산광역시,부산진구,,,,55.0,,,,,,,,
부산광역시,부산진구,,,,,68.0,,,,,,,
부산광역시,부산진구,,,,,,64.0,,,,,,
부산광역시,부산진구,,,,,,,63.0,,,,,
부산광역시,부산진구,,,,,,,,61.0,,,,
부산광역시,부산진구,,,,,,,,,48.0,,,
부산광역시,부산진구,,,,,,,,,,43.0,,
부산광역시,부산진구,,,,,,,,,,,62.0,
부산광역시,부산진구,,,,,,,,,,,,56.0
부산광역시,연제구,39.0,,,,,,,,,,,
부산광역시,연제구,,36.0,,,,,,,,,,
부산광역시,연제구,,,54.0,,,,,,,,,
부산광역시,연제구,,,,48.0,,,,,,,,
부산광역시,연제구,,,,,58.0,,,,,,,
부산광역시,연제구,,,,,,47.0,,,,,,
부산광역시,연제구,,,,,,,31.0,,,,,
부산광역시,연제구,,,,,,,,28.0,,,,
부산광역시,연제구,,,,,,,,,27.0,,,
부산광역시,연제구,,,,,,,,,,35.0,,
부산광역시,연제구,,,,,,,,,,,59.0,
부산광역시,연제구,,,,,,,,,,,,50.0
부산광역시,영도구,47.0,,,,,,,,,,,
부산광역시,영도구,,42.0,,,,,,,,,,
부산광역시,영도구,,,63.0,,,,,,,,,
부산광역시,영도구,,,,46.0,,,,,,,,
부산광역시,영도구,,,,,51.0,,,,,,,
부산광역시,영도구,,,,,,45.0,,,,,,
부산광역시,영도구,,,,,,,39.0,,,,,
부산광역시,영도구,,,,,,,,39.0,,,,
부산광역시,영도구,,,,,,,,,39.0,,,
부산광역시,영도구,,,,,,,,,,43.0,,
부산광역시,영도구,,,,,,,,,,,58.0,
부산광역시,영도구,,,,,,,,,,,,54.0
부산광역시,금정구,43.0,,,,,,,,,,,
부산광역시,금정구,,42.5,,,,,,,,,,
부산광역시,금정구,,,59.5,,,,,,,,,
부산광역시,금정구,,,,48.5,,,,,,,,
부산광역시,금정구,,,,,56.5,,,,,,,
부산광역시,금정구,,,,,,47.5,,,,,,
부산광역시,금정구,,,,,,,43.5,,,,,
부산광역시,금정구,,,,,,,,45.5,,,,
부산광역시,금정구,,,,,,,,,38.0,,,
부산광역시,금정구,,,,,,,,,,39.0,,
부산광역시,금정구,,,,,,,,,,,55.5,
부산광역시,금정구,,,,,,,,,,,,49.5
부산광역시,해운대구,34.0,,,,,,,,,,,
부산광역시,해운대구,,30.0,,,,,,,,,,
부산광역시,해운대구,,,53.0,,,,,,,,,
부산광역시,해운대구,,,,33.0,,,,,,,,
부산광역시,해운대구,,,,,38.0,,,,,,,
부산광역시,해운대구,,,,,,28.0,,,,,,
부산광역시,해운대구,,,,,,,24.0,,,,,
부산광역시,해운대구,,,,,,,,25.0,,,,
부산광역시,해운대구,,,,,,,,,23.0,,,
부산광역시,해운대구,,,,,,,,,,27.0,,
부산광역시,해운대구,,,,,,,,,,,44.0,
부산광역시,해운대구,,,,,,,,,,,,39.0
부산광역시,강서구,57.0,,,,,,,,,,,
부산광역시,강서구,,54.5,,,,,,,,,,
부산광역시,강서구,,,77.0,,,,,,,,,
부산광역시,강서구,,,,62.0,,,,,,,,
부산광역시,강서구,,,,,63.5,,,,,,,
부산광역시,강서구,,,,,,52.0,,,,,,
부산광역시,강서구,,,,,,,37.5,,,,,
부산광역시,강서구,,,,,,,,38.0,,,,
부산광역시,강서구,,,,,,,,,38.0,,,
부산광역시,강서구,,,,,,,,,,41.5,,
부산광역시,강서구,,,,,,,,,,,66.5,
부산광역시,강서구,,,,,,,,,,,,65.0
부산광역시,기장군,36.5,,,,,,,,,,,
부산광역시,기장군,,34.0,,,,,,,,,,
부산광역시,기장군,,,60.5,,,,,,,,,
부산광역시,기장군,,,,47.0,,,,,,,,
부산광역시,기장군,,,,,48.5,,,,,,,
부산광역시,기장군,,,,,,39.0,,,,,,
부산광역시,기장군,,,,,,,35.5,,,,,
부산광역시,기장군,,,,,,,,39.0,,,,
부산광역시,기장군,,,,,,,,,29.5,,,
부산광역시,기장군,,,,,,,,,,31.0,,
부산광역시,기장군,,,,,,,,,,,45.5,
부산광역시,기장군,,,,,,,,,,,,41.5
부산광역시,수영구,31.0,,,,,,,,,,,
부산광역시,수영구,,28.0,,,,,,,,,,
부산광역시,수영구,,,48.0,,,,,,,,,
부산광역시,수영구,,,,30.0,,,,,,,,
부산광역시,수영구,,,,,35.0,,,,,,,
부산광역시,수영구,,,,,,24.0,,,,,,
부산광역시,수영구,,,,,,,23.0,,,,,
부산광역시,수영구,,,,,,,,24.0,,,,
부산광역시,수영구,,,,,,,,,22.0,,,
부산광역시,수영구,,,,,,,,,,26.0,,
부산광역시,수영구,,,,,,,,,,,47.0,
부산광역시,수영구,,,,,,,,,,,,42.0
부산광역시,동래구,49.0,,,,,,,,,,,
부산광역시,동래구,,46.0,,,,,,,,,,
부산광역시,동래구,,,62.0,,,,,,,,,
부산광역시,동래구,,,,53.0,,,,,,,,
부산광역시,동래구,,,,,61.0,,,,,,,
부산광역시,동래구,,,,,,52.0,,,,,,
부산광역시,동래구,,,,,,,51.0,,,,,
부산광역시,동래구,,,,,,,,55.0,,,,
부산광역시,동래구,,,,,,,,,46.0,,,
부산광역시,동래구,,,,,,,,,,42.0,,
부산광역시,동래구,,,,,,,,,,,62.0,
부산광역시,동래구,,,,,,,,,,,,54.0
대구광역시,중구,59.0,,,,,,,,,,,
대구광역시,중구,,49.0,,,,,,,,,,
대구광역시,중구,,,60.0,,,,,,,,,
대구광역시,중구,,,,43.0,,,,,,,,
대구광역시,중구,,,,,50.0,,,,,,,
대구광역시,중구,,,,,,40.0,,,,,,
대구광역시,중구,,,,,,,28.0,,,,,
대구광역시,중구,,,,,,,,30.0,,,,
대구광역시,중구,,,,,,,,,31.0,,,
대구광역시,중구,,,,,,,,,,42.0,,
대구광역시,중구,,,,,,,,,,,78.0,
대구광역시,중구,,,,,,,,,,,,67.0
대구광역시,서구,63.0,,,,,,,,,,,
대구광역시,서구,,59.0,,,,,,,,,,
대구광역시,서구,,,67.0,,,,,,,,,
대구광역시,서구,,,,54.0,,,,,,,,
대구광역시,서구,,,,,66.0,,,,,,,
대구광역시,서구,,,,,,56.0,,,,,,
대구광역시,서구,,,,,,,49.0,,,,,
대구광역시,서구,,,,,,,,50.0,,,,
대구광역시,서구,,,,,,,,,48.0,,,
대구광역시,서구,,,,,,,,,,56.0,,
대구광역시,서구,,,,,,,,,,,79.0,
대구광역시,서구,,,,,,,,,,,,78.0
대구광역시,남구,56.0,,,,,,,,,,,
대구광역시,남구,,43.0,,,,,,,,,,
대구광역시,남구,,,58.0,,,,,,,,,
대구광역시,남구,,,,40.0,,,,,,,,
대구광역시,남구,,,,,44.0,,,,,,,
대구광역시,남구,,,,,,32.0,,,,,,
대구광역시,남구,,,,,,,29.0,,,,,
대구광역시,남구,,,,,,,,40.0,,,,
대구광역시,남구,,,,,,,,,34.0,,,
대구광역시,남구,,,,,,,,,,31.0,,
대구광역시,남구,,,,,,,,,,,52.0,
대구광역시,남구,,,,,,,,,,,,52.0
대구광역시,북구,60.5,,,,,,,,,,,
대구광역시,북구,,53.5,,,,,,,,,,
대구광역시,북구,,,80.5,,,,,,,,,
대구광역시,북구,,,,53.5,,,,,,,,
대구광역시,북구,,,,,63.5,,,,,,,
대구광역시,북구,,,,,,55.5,,,,,,
대구광역시,북구,,,,,,,40.5,,,,,
대구광역시,북구,,,,,,,,40.5,,,,
대구광역시,북구,,,,,,,,,37.5,,,
대구광역시,북구,,,,,,,,,,46.0,,
대구광역시,북구,,,,,,,,,,,74.5,
대구광역시,북구,,,,,,,,,,,,70.0
대구광역시,동구,57.0,,,,,,,,,,,
대구광역시,동구,,50.5,,,,,,,,,,
대구광역시,동구,,,69.5,,,,,,,,,
대구광역시,동구,,,,47.0,,,,,,,,
대구광역시,동구,,,,,52.5,,,,,,,
대구광역시,동구,,,,,,45.0,,,,,,
대구광역시,동구,,,,,,,35.0,,,,,
대구광역시,동구,,,,,,,,38.0,,,,
대구광역시,동구,,,,,,,,,34.5,,,
대구광역시,동구,,,,,,,,,,42.5,,
대구광역시,동구,,,,,,,,,,,71.5,
대구광역시,동구,,,,,,,,,,,,75.5
대구광역시,수성구,55.5,,,,,,,,,,,
대구광역시,수성구,,48.5,,,,,,,,,,
대구광역시,수성구,,,69.5,,,,,,,,,
대구광역시,수성구,,,,47.0,,,,,,,,
대구광역시,수성구,,,,,54.0,,,,,,,
대구광역시,수성구,,,,,,48.5,,,,,,
대구광역시,수성구,,,,,,,35.0,,,,,
대구광역시,수성구,,,,,,,,36.0,,,,
대구광역시,수성구,,,,,,,,,34.5,,,
대구광역시,수성구,,,,,,,,,,41.5,,
대구광역시,수성구,,,,,,,,,,,70.0,
대구광역시,수성구,,,,,,,,,,,,66.5
대구광역시,달서구,57.0,,,,,,,,,,,
대구광역시,달서구,,52.0,,,,,,,,,,
대구광역시,달서구,,,68.0,,,,,,,,,
대구광역시,달서구,,,,54.0,,,,,,,,
대구광역시,달서구,,,,,58.0,,,,,,,
대구광역시,달서구,,,,,,49.0,,,,,,
대구광역시,달서구,,,,,,,36.0,,,,,
대구광역시,달서구,,,,,,,,37.0,,,,
대구광역시,달서구,,,,,,,,,37.0,,,
대구광역시,달서구,,,,,,,,,,44.0,,
대구광역시,달서구,,,,,,,,,,,69.0,
대구광역시,달서구,,,,,,,,,,,,65.0
대구광역시,달성군,38.0,,,,,,,,,,,
대구광역시,달성군,,37.0,,,,,,,,,,
대구광역시,달성군,,,66.0,,,,,,,,,
대구광역시,달성군,,,,36.0,,,,,,,,
대구광역시,달성군,,,,,51.0,,,,,,,
대구광역시,달성군,,,,,,41.0,,,,,,
대구광역시,달성군,,,,,,,28.0,,,,,
대구광역시,달성군,,,,,,,,29.0,,,,
대구광역시,달성군,,,,,,,,,28.0,,,
대구광역시,달성군,,,,,,,,,,40.0,,
대구광역시,달성군,,,,,,,,,,,60.0,
대구광역시,달성군,,,,,,,,,,,,52.0
인천광역시,중구,64.5,,,,,,,,,,,
인천광역시,중구,,50.0,,,,,,,,,,
인천광역시,중구,,,65.5,,,,,,,,,
인천광역시,중구,,,,54.0,,,,,,,,
인천광역시,중구,,,,,59.0,,,,,,,
인천광역시,중구,,,,,,58.0,,,,,,
인천광역시,중구,,,,,,,37.0,,,,,
인천광역시,중구,,,,,,,,37.0,,,,
인천광역시,중구,,,,,,,,,35.0,,,
인천광역시,중구,,,,,,,,,,52.5,,
인천광역시,중구,,,,,,,,,,,81.5,
인천광역시,중구,,,,,,,,,,,,72.0
인천광역시,동구,66.0,,,,,,,,,,,
인천광역시,동구,,57.0,,,,,,,,,,
인천광역시,동구,,,56.0,,,,,,,,,
인천광역시,동구,,,,50.0,,,,,,,,
인천광역시,동구,,,,,59.0,,,,,,,
인천광역시,동구,,,,,,61.0,,,,,,
인천광역시,동구,,,,,,,42.0,,,,,
인천광역시,동구,,,,,,,,46.0,,,,
인천광역시,동구,,,,,,,,,41.0,,,
인천광역시,동구,,,,,,,,,,56.0,,
인천광역시,동구,,,,,,,,,,,79.0,
인천광역시,동구,,,,,,,,,,,,72.0
인천광역시,남동구,60.666666666666664,,,,,,,,,,,
인천광역시,남동구,,53.666666666666664,,,,,,,,,,
인천광역시,남동구,,,71.66666666666667,,,,,,,,,
인천광역시,남동구,,,,56.333333333333336,,,,,,,,
인천광역시,남동구,,,,,64.66666666666667,,,,,,,
인천광역시,남동구,,,,,,58.333333333333336,,,,,,
인천광역시,남동구,,,,,,,36.333333333333336,,,,,
인천광역시,남동구,,,,,,,,36.333333333333336,,,,
인천광역시,남동구,,,,,,,,,35.333333333333336,,,
인천광역시,남동구,,,,,,,,,,51.0,,
인천광역시,남동구,,,,,,,,,,,78.33333333333333,
인천광역시,남동구,,,,,,,,,,,,67.66666666666667
인천광역시,남구,63.0,,,,,,,,,,,
인천광역시,남구,,56.0,,,,,,,,,,
인천광역시,남구,,,66.0,,,,,,,,,
인천광역시,남구,,,,55.0,,,,,,,,
인천광역시,남구,,,,,58.0,,,,,,,
인천광역시,남구,,,,,,56.0,,,,,,
인천광역시,남구,,,,,,,33.0,,,,,
인천광역시,남구,,,,,,,,34.0,,,,
인천광역시,남구,,,,,,,,,31.0,,,
인천광역시,남구,,,,,,,,,,47.0,,
인천광역시,남구,,,,,,,,,,,71.0,
인천광역시,남구,,,,,,,,,,,,63.0
인천광역시,부평구,63.0,,,,,,,,,,,
인천광역시,부평구,,53.0,,,,,,,,,,
인천광역시,부평구,,,61.0,,,,,,,,,
인천광역시,부평구,,,,54.0,,,,,,,,
인천광역시,부평구,,,,,63.0,,,,,,,
인천광역시,부평구,,,,,,58.0,,,,,,
인천광역시,부평구,,,,,,,37.0,,,,,
인천광역시,부평구,,,,,,,,35.0,,,,
인천광역시,부평구,,,,,,,,,31.0,,,
인천광역시,부평구,,,,,,,,,,50.0,,
인천광역시,부평구,,,,,,,,,,,79.0,
인천광역시,부평구,,,,,,,,,,,,67.0
인천광역시,서구,68.66666666666667,,,,,,,,,,,
인천광역시,서구,,56.333333333333336,,,,,,,,,,
인천광역시,서구,,,64.33333333333333,,,,,,,,,
인천광역시,서구,,,,55.0,,,,,,,,
인천광역시,서구,,,,,65.0,,,,,,,
인천광역시,서구,,,,,,61.333333333333336,,,,,,
인천광역시,서구,,,,,,,42.333333333333336,,,,,
인천광역시,서구,,,,,,,,40.333333333333336,,,,
인천광역시,서구,,,,,,,,,34.333333333333336,,,
인천광역시,서구,,,,,,,,,,51.666666666666664,,
인천광역시,서구,,,,,,,,,,,80.0,
인천광역시,서구,,,,,,,,,,,,67.66666666666667
인천광역시,계양구,60.0,,,,,,,,,,,
인천광역시,계양구,,52.0,,,,,,,,,,
인천광역시,계양구,,,73.0,,,,,,,,,
인천광역시,계양구,,,,58.0,,,,,,,,
인천광역시,계양구,,,,,61.5,,,,,,,
인천광역시,계양구,,,,,,53.5,,,,,,
인천광역시,계양구,,,,,,,36.5,,,,,
인천광역시,계양구,,,,,,,,35.0,,,,
인천광역시,계양구,,,,,,,,,31.5,,,
인천광역시,계양구,,,,,,,,,,52.0,,
인천광역시,계양구,,,,,,,,,,,74.0,
인천광역시,계양구,,,,,,,,,,,,61.0
인천광역시,강화군,63.0,,,,,,,,,,,
인천광역시,강화군,,50.0,,,,,,,,,,
인천광역시,강화군,,,56.0,,,,,,,,,
인천광역시,강화군,,,,45.0,,,,,,,,
인천광역시,강화군,,,,,48.0,,,,,,,
인천광역시,강화군,,,,,,42.0,,,,,,
인천광역시,강화군,,,,,,,30.0,,,,,
인천광역시,강화군,,,,,,,,30.0,,,,
인천광역시,강화군,,,,,,,,,27.0,,,
인천광역시,강화군,,,,,,,,,,43.0,,
인천광역시,강화군,,,,,,,,,,,68.0,
인천광역시,강화군,,,,,,,,,,,,58.0
인천광역시,연수구,74.0,,,,,,,,,,,
인천광역시,연수구,,62.0,,,,,,,,,,
인천광역시,연수구,,,86.0,,,,,,,,,
인천광역시,연수구,,,,61.0,,,,,,,,
인천광역시,연수구,,,,,70.0,,,,,,,
인천광역시,연수구,,,,,,62.0,,,,,,
인천광역시,연수구,,,,,,,34.0,,,,,
인천광역시,연수구,,,,,,,,38.0,,,,
인천광역시,연수구,,,,,,,,,39.0,,,
인천광역시,연수구,,,,,,,,,,60.0,,
인천광역시,연수구,,,,,,,,,,,92.0,
인천광역시,연수구,,,,,,,,,,,,78.0
광주광역시,동구,51.0,,,,,,,,,,,
광주광역시,동구,,43.0,,,,,,,,,,
광주광역시,동구,,,76.0,,,,,,,,,
광주광역시,동구,,,,46.0,,,,,,,,
광주광역시,동구,,,,,68.0,,,,,,,
광주광역시,동구,,,,,,40.0,,,,,,
광주광역시,동구,,,,,,,29.0,,,,,
광주광역시,동구,,,,,,,,30.0,,,,
광주광역시,동구,,,,,,,,,30.0,,,
광주광역시,동구,,,,,,,,,,42.0,,
광주광역시,동구,,,,,,,,,,,75.0,
광주광역시,동구,,,,,,,,,,,,59.0
광주광역시,서구,39.0,,,,,,,,,,,
광주광역시,서구,,33.0,,,,,,,,,,
광주광역시,서구,,,55.0,,,,,,,,,
광주광역시,서구,,,,35.0,,,,,,,,
광주광역시,서구,,,,,52.0,,,,,,,
광주광역시,서구,,,,,,32.0,,,,,,
광주광역시,서구,,,,,,,22.0,,,,,
광주광역시,서구,,,,,,,,24.0,,,,
광주광역시,서구,,,,,,,,,24.0,,,
광주광역시,서구,,,,,,,,,,34.0,,
광주광역시,서구,,,,,,,,,,,59.0,
광주광역시,서구,,,,,,,,,,,,44.0
광주광역시,북구,43.5,,,,,,,,,,,
광주광역시,북구,,36.5,,,,,,,,,,
광주광역시,북구,,,62.5,,,,,,,,,
광주광역시,북구,,,,40.0,,,,,,,,
광주광역시,북구,,,,,61.5,,,,,,,
광주광역시,북구,,,,,,40.0,,,,,,
광주광역시,북구,,,,,,,26.5,,,,,
광주광역시,북구,,,,,,,,26.5,,,,
광주광역시,북구,,,,,,,,,29.0,,,
광주광역시,북구,,,,,,,,,,41.5,,
광주광역시,북구,,,,,,,,,,,67.5,
광주광역시,북구,,,,,,,,,,,,51.5
광주광역시,광산구,51.0,,,,,,,,,,,
광주광역시,광산구,,42.5,,,,,,,,,,
광주광역시,광산구,,,69.5,,,,,,,,,
광주광역시,광산구,,,,46.5,,,,,,,,
광주광역시,광산구,,,,,66.5,,,,,,,
광주광역시,광산구,,,,,,44.0,,,,,,
광주광역시,광산구,,,,,,,30.0,,,,,
광주광역시,광산구,,,,,,,,30.5,,,,
광주광역시,광산구,,,,,,,,,32.5,,,
광주광역시,광산구,,,,,,,,,,47.5,,
광주광역시,광산구,,,,,,,,,,,78.0,
광주광역시,광산구,,,,,,,,,,,,59.5
광주광역시,남구,43.0,,,,,,,,,,,
광주광역시,남구,,37.0,,,,,,,,,,
광주광역시,남구,,,63.0,,,,,,,,,
광주광역시,남구,,,,40.0,,,,,,,,
광주광역시,남구,,,,,57.0,,,,,,,
광주광역시,남구,,,,,,36.0,,,,,,
광주광역시,남구,,,,,,,24.0,,,,,
광주광역시,남구,,,,,,,,26.0,,,,
광주광역시,남구,,,,,,,,,27.0,,,
광주광역시,남구,,,,,,,,,,40.0,,
광주광역시,남구,,,,,,,,,,,69.0,
광주광역시,남구,,,,,,,,,,,,54.0
대전광역시,대덕구,48.5,,,,,,,,,,,
대전광역시,대덕구,,39.5,,,,,,,,,,
대전광역시,대덕구,,,51.0,,,,,,,,,
대전광역시,대덕구,,,,41.5,,,,,,,,
대전광역시,대덕구,,,,,49.0,,,,,,,
대전광역시,대덕구,,,,,,39.5,,,,,,
대전광역시,대덕구,,,,,,,25.5,,,,,
대전광역시,대덕구,,,,,,,,30.5,,,,
대전광역시,대덕구,,,,,,,,,31.5,,,
대전광역시,대덕구,,,,,,,,,,45.5,,
대전광역시,대덕구,,,,,,,,,,,75.5,
대전광역시,대덕구,,,,,,,,,,,,65.0
대전광역시,중구,45.0,,,,,,,,,,,
대전광역시,중구,,36.0,,,,,,,,,,
대전광역시,중구,,,52.0,,,,,,,,,
대전광역시,중구,,,,40.0,,,,,,,,
대전광역시,중구,,,,,53.0,,,,,,,
대전광역시,중구,,,,,,40.0,,,,,,
대전광역시,중구,,,,,,,25.0,,,,,
대전광역시,중구,,,,,,,,25.0,,,,
대전광역시,중구,,,,,,,,,26.0,,,
대전광역시,중구,,,,,,,,,,37.0,,
대전광역시,중구,,,,,,,,,,,70.0,
대전광역시,중구,,,,,,,,,,,,59.0
대전광역시,유성구,60.0,,,,,,,,,,,
대전광역시,유성구,,49.0,,,,,,,,,,
대전광역시,유성구,,,61.0,,,,,,,,,
대전광역시,유성구,,,,44.0,,,,,,,,
대전광역시,유성구,,,,,54.0,,,,,,,
대전광역시,유성구,,,,,,43.0,,,,,,
대전광역시,유성구,,,,,,,28.0,,,,,
대전광역시,유성구,,,,,,,,27.0,,,,
대전광역시,유성구,,,,,,,,,25.0,,,
대전광역시,유성구,,,,,,,,,,37.0,,
대전광역시,유성구,,,,,,,,,,,65.0,
대전광역시,유성구,,,,,,,,,,,,57.0
대전광역시,동구,44.0,,,,,,,,,,,
대전광역시,동구,,34.0,,,,,,,,,,
대전광역시,동구,,,46.0,,,,,,,,,
대전광역시,동구,,,,35.0,,,,,,,,
대전광역시,동구,,,,,48.0,,,,,,,
대전광역시,동구,,,,,,35.0,,,,,,
대전광역시,동구,,,,,,,23.0,,,,,
대전광역시,동구,,,,,,,,24.0,,,,
대전광역시,동구,,,,,,,,,27.0,,,
대전광역시,동구,,,,,,,,,,39.0,,
대전광역시,동구,,,,,,,,,,,71.0,
대전광역시,동구,,,,,,,,,,,,45.0
대전광역시,서구,47.0,,,,,,,,,,,
대전광역시,서구,,39.0,,,,,,,,,,
대전광역시,서구,,,52.5,,,,,,,,,
대전광역시,서구,,,,42.0,,,,,,,,
대전광역시,서구,,,,,55.0,,,,,,,
대전광역시,서구,,,,,,42.5,,,,,,
대전광역시,서구,,,,,,,27.5,,,,,
대전광역시,서구,,,,,,,,27.0,,,,
대전광역시,서구,,,,,,,,,29.0,,,
대전광역시,서구,,,,,,,,,,39.0,,
대전광역시,서구,,,,,,,,,,,69.0,
대전광역시,서구,,,,,,,,,,,,56.0
울산광역시,중구,52.0,,,,,,,,,,,
울산광역시,중구,,50.0,,,,,,,,,,
울산광역시,중구,,,64.0,,,,,,,,,
울산광역시,중구,,,,55.0,,,,,,,,
울산광역시,중구,,,,,67.0,,,,,,,
울산광역시,중구,,,,,,62.0,,,,,,
울산광역시,중구,,,,,,,46.0,,,,,
울산광역시,중구,,,,,,,,49.0,,,,
울산광역시,중구,,,,,,,,,45.0,,,
울산광역시,중구,,,,,,,,,,45.0,,
울산광역시,중구,,,,,,,,,,,63.0,
울산광역시,중구,,,,,,,,,,,,58.0
울산광역시,남구,45.666666666666664,,,,,,,,,,,
울산광역시,남구,,44.333333333333336,,,,,,,,,,
울산광역시,남구,,,59.166666666666664,,,,,,,,,
울산광역시,남구,,,,47.666666666666664,,,,,,,,
울산광역시,남구,,,,,55.666666666666664,,,,,,,
울산광역시,남구,,,,,,52.0,,,,,,
울산광역시,남구,,,,,,,38.333333333333336,,,,,
울산광역시,남구,,,,,,,,38.166666666666664,,,,
울산광역시,남구,,,,,,,,,34.833333333333336,,,
울산광역시,남구,,,,,,,,,,39.0,,
울산광역시,남구,,,,,,,,,,,60.5,
울산광역시,남구,,,,,,,,,,,,51.666666666666664
울산광역시,울주군,45.0,,,,,,,,,,,
울산광역시,울주군,,41.666666666666664,,,,,,,,,,
울산광역시,울주군,,,60.0,,,,,,,,,
울산광역시,울주군,,,,44.333333333333336,,,,,,,,
울산광역시,울주군,,,,,51.333333333333336,,,,,,,
울산광역시,울주군,,,,,,48.666666666666664,,,,,,
울산광역시,울주군,,,,,,,40.0,,,,,
울산광역시,울주군,,,,,,,,43.0,,,,
울산광역시,울주군,,,,,,,,,33.333333333333336,,,
울산광역시,울주군,,,,,,,,,,36.666666666666664,,
울산광역시,울주군,,,,,,,,,,,59.666666666666664,
울산광역시,울주군,,,,,,,,,,,,52.333333333333336
울산광역시,북구,46.5,,,,,,,,,,,
울산광역시,북구,,44.0,,,,,,,,,,
울산광역시,북구,,,63.0,,,,,,,,,
울산광역시,북구,,,,44.5,,,,,,,,
울산광역시,북구,,,,,52.5,,,,,,,
울산광역시,북구,,,,,,43.5,,,,,,
울산광역시,북구,,,,,,,40.0,,,,,
울산광역시,북구,,,,,,,,41.0,,,,
울산광역시,북구,,,,,,,,,38.0,,,
울산광역시,북구,,,,,,,,,,40.5,,
울산광역시,북구,,,,,,,,,,,71.5,
울산광역시,북구,,,,,,,,,,,,66.0
울산광역시,동구,40.0,,,,,,,,,,,
울산광역시,동구,,38.0,,,,,,,,,,
울산광역시,동구,,,55.0,,,,,,,,,
울산광역시,동구,,,,42.0,,,,,,,,
울산광역시,동구,,,,,48.0,,,,,,,
울산광역시,동구,,,,,,39.0,,,,,,
울산광역시,동구,,,,,,,33.0,,,,,
울산광역시,동구,,,,,,,,33.0,,,,
울산광역시,동구,,,,,,,,,34.0,,,
울산광역시,동구,,,,,,,,,,41.0,,
울산광역시,동구,,,,,,,,,,,57.0,
울산광역시,동구,,,,,,,,,,,,54.0
경기도,수원시,59.0,,,,,,,,,,,
경기도,수원시,,47.833333333333336,,,,,,,,,,
경기도,수원시,,,61.833333333333336,,,,,,,,,
경기도,수원시,,,,52.166666666666664,,,,,,,,
경기도,수원시,,,,,62.666666666666664,,,,,,,
경기도,수원시,,,,,,55.333333333333336,,,,,,
경기도,수원시,,,,,,,32.0,,,,,
경기도,수원시,,,,,,,,33.166666666666664,,,,
경기도,수원시,,,,,,,,,29.166666666666668,,,
경기도,수원시,,,,,,,,,,45.166666666666664,,
경기도,수원시,,,,,,,,,,,78.0,
경기도,수원시,,,,,,,,,,,,66.16666666666667
경기도,안양시,61.75,,,,,,,,,,,
경기도,안양시,,53.25,,,,,,,,,,
경기도,안양시,,,67.75,,,,,,,,,
경기도,안양시,,,,58.0,,,,,,,,
경기도,안양시,,,,,65.5,,,,,,,
경기도,안양시,,,,,,64.25,,,,,,
경기도,안양시,,,,,,,44.5,,,,,
경기도,안양시,,,,,,,,45.5,,,,
경기도,안양시,,,,,,,,,36.5,,,
경기도,안양시,,,,,,,,,,51.0,,
경기도,안양시,,,,,,,,,,,82.75,
경기도,안양시,,,,,,,,,,,,66.75
경기도,성남시,56.142857142857146,,,,,,,,,,,
경기도,성남시,,54.285714285714285,,,,,,,,,,
경기도,성남시,,,64.57142857142857,,,,,,,,,
경기도,성남시,,,,52.42857142857143,,,,,,,,
경기도,성남시,,,,,59.714285714285715,,,,,,,
경기도,성남시,,,,,,58.285714285714285,,,,,,
경기도,성남시,,,,,,,38.142857142857146,,,,,
경기도,성남시,,,,,,,,38.42857142857143,,,,
경기도,성남시,,,,,,,,,29.857142857142858,,,
경기도,성남시,,,,,,,,,,45.857142857142854,,
경기도,성남시,,,,,,,,,,,66.28571428571429,
경기도,성남시,,,,,,,,,,,,57.714285714285715
경기도,의정부시,76.0,,,,,,,,,,,
경기도,의정부시,,59.5,,,,,,,,,,
경기도,의정부시,,,68.5,,,,,,,,,
경기도,의정부시,,,,59.0,,,,,,,,
경기도,의정부시,,,,,65.5,,,,,,,
경기도,의정부시,,,,,,61.0,,,,,,
경기도,의정부시,,,,,,,43.0,,,,,
경기도,의정부시,,,,,,,,43.0,,,,
경기도,의정부시,,,,,,,,,34.5,,,
경기도,의정부시,,,,,,,,,,57.0,,
경기도,의정부시,,,,,,,,,,,81.5,
경기도,의정부시,,,,,,,,,,,,73.5
경기도,광명시,46.0,,,,,,,,,,,
경기도,광명시,,38.0,,,,,,,,,,
경기도,광명시,,,44.666666666666664,,,,,,,,,
경기도,광명시,,,,36.333333333333336,,,,,,,,
경기도,광명시,,,,,41.0,,,,,,,
경기도,광명시,,,,,,35.333333333333336,,,,,,
경기도,광명시,,,,,,,22.333333333333332,,,,,
경기도,광명시,,,,,,,,23.333333333333332,,,,
경기도,광명시,,,,,,,,,20.0,,,
경기도,광명시,,,,,,,,,,31.333333333333332,,
경기도,광명시,,,,,,,,,,,55.0,
경기도,광명시,,,,,,,,,,,,50.0
경기도,안산시,59.285714285714285,,,,,,,,,,,
경기도,안산시,,51.57142857142857,,,,,,,,,,
경기도,안산시,,,60.142857142857146,,,,,,,,,
경기도,안산시,,,,52.57142857142857,,,,,,,,
경기도,안산시,,,,,60.42857142857143,,,,,,,
경기도,안산시,,,,,,56.0,,,,,,
경기도,안산시,,,,,,,36.285714285714285,,,,,
경기도,안산시,,,,,,,,37.142857142857146,,,,
경기도,안산시,,,,,,,,,29.428571428571427,,,
경기도,안산시,,,,,,,,,,40.714285714285715,,
경기도,안산시,,,,,,,,,,,81.42857142857143,
경기도,안산시,,,,,,,,,,,,70.42857142857143
경기도,평택시,66.5,,,,,,,,,,,
경기도,평택시,,54.5,,,,,,,,,,
경기도,평택시,,,72.0,,,,,,,,,
경기도,평택시,,,,66.5,,,,,,,,
경기도,평택시,,,,,76.5,,,,,,,
경기도,평택시,,,,,,78.0,,,,,,
경기도,평택시,,,,,,,48.0,,,,,
경기도,평택시,,,,,,,,44.0,,,,
경기도,평택시,,,,,,,,,42.0,,,
경기도,평택시,,,,,,,,,,62.0,,
경기도,평택시,,,,,,,,,,,94.0,
경기도,평택시,,,,,,,,,,,,73.0
경기도,과천시,72.5,,,,,,,,,,,
경기도,과천시,,62.5,,,,,,,,,,
경기도,과천시,,,65.5,,,,,,,,,
경기도,과천시,,,,53.0,,,,,,,,
경기도,과천시,,,,,62.0,,,,,,,
경기도,과천시,,,,,,58.0,,,,,,
경기도,과천시,,,,,,,39.5,,,,,
경기도,과천시,,,,,,,,37.0,,,,
경기도,과천시,,,,,,,,,27.5,,,
경기도,과천시,,,,,,,,,,41.5,,
경기도,과천시,,,,,,,,,,,72.0,
경기도,과천시,,,,,,,,,,,,69.5
경기도,구리시,57.5,,,,,,,,,,,
경기도,구리시,,47.0,,,,,,,,,,
경기도,구리시,,,58.5,,,,,,,,,
경기도,구리시,,,,49.5,,,,,,,,
경기도,구리시,,,,,56.0,,,,,,,
경기도,구리시,,,,,,53.5,,,,,,
경기도,구리시,,,,,,,38.0,,,,,
경기도,구리시,,,,,,,,35.0,,,,
경기도,구리시,,,,,,,,,28.0,,,
경기도,구리시,,,,,,,,,,45.5,,
경기도,구리시,,,,,,,,,,,75.0,
경기도,구리시,,,,,,,,,,,,61.0
경기도,의왕시,70.5,,,,,,,,,,,
경기도,의왕시,,61.5,,,,,,,,,,
경기도,의왕시,,,72.5,,,,,,,,,
경기도,의왕시,,,,60.0,,,,,,,,
경기도,의왕시,,,,,76.0,,,,,,,
경기도,의왕시,,,,,,73.0,,,,,,
경기도,의왕시,,,,,,,43.0,,,,,
경기도,의왕시,,,,,,,,42.0,,,,
경기도,의왕시,,,,,,,,,37.0,,,
경기도,의왕시,,,,,,,,,,54.0,,
경기도,의왕시,,,,,,,,,,,82.0,
경기도,의왕시,,,,,,,,,,,,70.5
경기도,고양시,72.5,,,,,,,,,,,
경기도,고양시,,60.0,,,,,,,,,,
경기도,고양시,,,72.0,,,,,,,,,
경기도,고양시,,,,58.5,,,,,,,,
경기도,고양시,,,,,71.5,,,,,,,
경기도,고양시,,,,,,63.0,,,,,,
경기도,고양시,,,,,,,45.5,,,,,
경기도,고양시,,,,,,,,39.5,,,,
경기도,고양시,,,,,,,,,34.0,,,
경기도,고양시,,,,,,,,,,56.0,,
경기도,고양시,,,,,,,,,,,85.0,
경기도,고양시,,,,,,,,,,,,73.5
경기도,광주시,77.0,,,,,,,,,,,
경기도,광주시,,62.0,,,,,,,,,,
경기도,광주시,,,72.0,,,,,,,,,
경기도,광주시,,,,62.0,,,,,,,,
경기도,광주시,,,,,66.0,,,,,,,
경기도,광주시,,,,,,57.0,,,,,,
경기도,광주시,,,,,,,39.0,,,,,
경기도,광주시,,,,,,,,38.0,,,,
경기도,광주시,,,,,,,,,33.0,,,
경기도,광주시,,,,,,,,,,52.0,,
경기도,광주시,,,,,,,,,,,95.0,
경기도,광주시,,,,,,,,,,,,76.0
경기도,군포시,70.0,,,,,,,,,,,
경기도,군포시,,59.5,,,,,,,,,,
경기도,군포시,,,66.5,,,,,,,,,
경기도,군포시,,,,61.0,,,,,,,,
경기도,군포시,,,,,68.5,,,,,,,
경기도,군포시,,,,,,74.5,,,,,,
경기도,군포시,,,,,,,48.5,,,,,
경기도,군포시,,,,,,,,46.0,,,,
경기도,군포시,,,,,,,,,39.0,,,
경기도,군포시,,,,,,,,,,52.0,,
경기도,군포시,,,,,,,,,,,88.0,
경기도,군포시,,,,,,,,,,,,74.5
경기도,시흥시,67.33333333333333,,,,,,,,,,,
경기도,시흥시,,59.0,,,,,,,,,,
경기도,시흥시,,,71.0,,,,,,,,,
경기도,시흥시,,,,57.666666666666664,,,,,,,,
경기도,시흥시,,,,,63.0,,,,,,,
경기도,시흥시,,,,,,59.0,,,,,,
경기도,시흥시,,,,,,,36.0,,,,,
경기도,시흥시,,,,,,,,36.0,,,,
경기도,시흥시,,,,,,,,,34.666666666666664,,,
경기도,시흥시,,,,,,,,,,53.333333333333336,,
경기도,시흥시,,,,,,,,,,,89.0,
경기도,시흥시,,,,,,,,,,,,77.0
경기도,부천시,82.25,,,,,,,,,,,
경기도,부천시,,66.25,,,,,,,,,,
경기도,부천시,,,74.75,,,,,,,,,
경기도,부천시,,,,65.0,,,,,,,,
경기도,부천시,,,,,72.25,,,,,,,
경기도,부천시,,,,,,68.0,,,,,,
경기도,부천시,,,,,,,45.5,,,,,
경기도,부천시,,,,,,,,39.75,,,,
경기도,부천시,,,,,,,,,33.0,,,
경기도,부천시,,,,,,,,,,53.25,,
경기도,부천시,,,,,,,,,,,85.5,
경기도,부천시,,,,,,,,,,,,74.0
경기도,남양주시,60.0,,,,,,,,,,,
경기도,남양주시,,47.0,,,,,,,,,,
경기도,남양주시,,,48.0,,,,,,,,,
경기도,남양주시,,,,41.0,,,,,,,,
경기도,남양주시,,,,,56.0,,,,,,,
경기도,남양주시,,,,,,59.0,,,,,,
경기도,남양주시,,,,,,,46.0,,,,,
경기도,남양주시,,,,,,,,35.0,,,,
경기도,남양주시,,,,,,,,,26.0,,,
경기도,남양주시,,,,,,,,,,41.0,,
경기도,남양주시,,,,,,,,,,,78.0,
경기도,남양주시,,,,,,,,,,,,68.0
경기도,용인시,69.0,,,,,,,,,,,
경기도,용인시,,53.666666666666664,,,,,,,,,,
경기도,용인시,,,61.0,,,,,,,,,
경기도,용인시,,,,52.0,,,,,,,,
경기도,용인시,,,,,58.666666666666664,,,,,,,
경기도,용인시,,,,,,51.0,,,,,,
경기도,용인시,,,,,,,33.666666666666664,,,,,
경기도,용인시,,,,,,,,31.333333333333332,,,,
경기도,용인시,,,,,,,,,26.666666666666668,,,
경기도,용인시,,,,,,,,,,44.333333333333336,,
경기도,용인시,,,,,,,,,,,80.0,
경기도,용인시,,,,,,,,,,,,73.0
경기도,김포시,72.0,,,,,,,,,,,
경기도,김포시,,56.0,,,,,,,,,,
경기도,김포시,,,70.66666666666667,,,,,,,,,
경기도,김포시,,,,60.333333333333336,,,,,,,,
경기도,김포시,,,,,72.66666666666667,,,,,,,
경기도,김포시,,,,,,69.0,,,,,,
경기도,김포시,,,,,,,52.333333333333336,,,,,
경기도,김포시,,,,,,,,44.0,,,,
경기도,김포시,,,,,,,,,39.0,,,
경기도,김포시,,,,,,,,,,55.666666666666664,,
경기도,김포시,,,,,,,,,,,79.66666666666667,
경기도,김포시,,,,,,,,,,,,68.33333333333333
경기도,오산시,79.0,,,,,,,,,,,
경기도,오산시,,65.0,,,,,,,,,,
경기도,오산시,,,67.0,,,,,,,,,
경기도,오산시,,,,68.0,,,,,,,,
경기도,오산시,,,,,76.0,,,,,,,
경기도,오산시,,,,,,79.0,,,,,,
경기도,오산시,,,,,,,55.0,,,,,
경기도,오산시,,,,,,,,51.0,,,,
경기도,오산시,,,,,,,,,42.0,,,
경기도,오산시,,,,,,,,,,53.0,,
경기도,오산시,,,,,,,,,,,84.0,
경기도,오산시,,,,,,,,,,,,80.0
경기도,하남시,63.0,,,,,,,,,,,
경기도,하남시,,52.0,,,,,,,,,,
경기도,하남시,,,55.0,,,,,,,,,
경기도,하남시,,,,48.0,,,,,,,,
경기도,하남시,,,,,56.0,,,,,,,
경기도,하남시,,,,,,59.0,,,,,,
경기도,하남시,,,,,,,46.0,,,,,
경기도,하남시,,,,,,,,44.0,,,,
경기도,하남시,,,,,,,,,29.0,,,
경기도,하남시,,,,,,,,,,46.0,,
경기도,하남시,,,,,,,,,,,72.0,
경기도,하남시,,,,,,,,,,,,66.0
경기도,화성시,68.0,,,,,,,,,,,
경기도,화성시,,56.333333333333336,,,,,,,,,,
경기도,화성시,,,69.33333333333333,,,,,,,,,
경기도,화성시,,,,58.0,,,,,,,,
경기도,화성시,,,,,70.33333333333333,,,,,,,
경기도,화성시,,,,,,66.33333333333333,,,,,,
경기도,화성시,,,,,,,38.666666666666664,,,,,
경기도,화성시,,,,,,,,38.666666666666664,,,,
경기도,화성시,,,,,,,,,40.333333333333336,,,
경기도,화성시,,,,,,,,,,55.333333333333336,,
경기도,화성시,,,,,,,,,,,82.66666666666667,
경기도,화성시,,,,,,,,,,,,65.33333333333333
경기도,양주시,80.0,,,,,,,,,,,
경기도,양주시,,61.0,,,,,,,,,,
경기도,양주시,,,67.0,,,,,,,,,
경기도,양주시,,,,56.0,,,,,,,,
경기도,양주시,,,,,61.0,,,,,,,
경기도,양주시,,,,,,56.0,,,,,,
경기도,양주시,,,,,,,43.0,,,,,
경기도,양주시,,,,,,,,41.0,,,,
경기도,양주시,,,,,,,,,40.0,,,
경기도,양주시,,,,,,,,,,68.0,,
경기도,양주시,,,,,,,,,,,96.0,
경기도,양주시,,,,,,,,,,,,77.0
경기도,동두천시,94.0,,,,,,,,,,,
경기도,동두천시,,70.0,,,,,,,,,,
경기도,동두천시,,,73.0,,,,,,,,,
경기도,동두천시,,,,70.0,,,,,,,,
경기도,동두천시,,,,,74.0,,,,,,,
경기도,동두천시,,,,,,71.0,,,,,,
경기도,동두천시,,,,,,,49.0,,,,,
경기도,동두천시,,,,,,,,48.0,,,,
경기도,동두천시,,,,,,,,,38.0,,,
경기도,동두천시,,,,,,,,,,76.0,,
경기도,동두천시,,,,,,,,,,,111.0,
경기도,동두천시,,,,,,,,,,,,92.0
경기도,안성시,61.0,,,,,,,,,,,
경기도,안성시,,47.0,,,,,,,,,,
경기도,안성시,,,65.0,,,,,,,,,
경기도,안성시,,,,56.0,,,,,,,,
경기도,안성시,,,,,65.0,,,,,,,
경기도,안성시,,,,,,59.0,,,,,,
경기도,안성시,,,,,,,36.0,,,,,
경기도,안성시,,,,,,,,35.0,,,,
경기도,안성시,,,,,,,,,27.0,,,
경기도,안성시,,,,,,,,,,46.0,,
경기도,안성시,,,,,,,,,,,84.0,
경기도,안성시,,,,,,,,,,,,70.0
경기도,이천시,93.0,,,,,,,,,,,
경기도,이천시,,65.0,,,,,,,,,,
경기도,이천시,,,78.0,,,,,,,,,
경기도,이천시,,,,75.0,,,,,,,,
경기도,이천시,,,,,83.0,,,,,,,
경기도,이천시,,,,,,76.0,,,,,,
경기도,이천시,,,,,,,54.0,,,,,
경기도,이천시,,,,,,,,55.0,,,,
경기도,이천시,,,,,,,,,44.0,,,
경기도,이천시,,,,,,,,,,63.0,,
경기도,이천시,,,,,,,,,,,95.0,
경기도,이천시,,,,,,,,,,,,77.0
경기도,파주시,65.0,,,,,,,,,,,
경기도,파주시,,58.0,,,,,,,,,,
경기도,파주시,,,83.0,,,,,,,,,
경기도,파주시,,,,65.0,,,,,,,,
경기도,파주시,,,,,75.0,,,,,,,
경기도,파주시,,,,,,63.0,,,,,,
경기도,파주시,,,,,,,45.0,,,,,
경기도,파주시,,,,,,,,44.0,,,,
경기도,파주시,,,,,,,,,37.0,,,
경기도,파주시,,,,,,,,,,57.0,,
경기도,파주시,,,,,,,,,,,88.0,
경기도,파주시,,,,,,,,,,,,72.0
경기도,포천시,111.0,,,,,,,,,,,
경기도,포천시,,86.0,,,,,,,,,,
경기도,포천시,,,90.0,,,,,,,,,
경기도,포천시,,,,78.0,,,,,,,,
경기도,포천시,,,,,84.0,,,,,,,
경기도,포천시,,,,,,81.0,,,,,,
경기도,포천시,,,,,,,58.0,,,,,
경기도,포천시,,,,,,,,47.0,,,,
경기도,포천시,,,,,,,,,44.0,,,
경기도,포천시,,,,,,,,,,76.0,,
경기도,포천시,,,,,,,,,,,123.0,
경기도,포천시,,,,,,,,,,,,106.0
강원도,춘천시,67.0,,,,,,,,,,,
강원도,춘천시,,51.5,,,,,,,,,,
강원도,춘천시,,,68.0,,,,,,,,,
강원도,춘천시,,,,58.5,,,,,,,,
강원도,춘천시,,,,,60.0,,,,,,,
강원도,춘천시,,,,,,49.0,,,,,,
강원도,춘천시,,,,,,,33.5,,,,,
강원도,춘천시,,,,,,,,32.5,,,,
강원도,춘천시,,,,,,,,,24.0,,,
강원도,춘천시,,,,,,,,,,41.0,,
강원도,춘천시,,,,,,,,,,,75.5,
강원도,춘천시,,,,,,,,,,,,70.5
강원도,강릉시,48.0,,,,,,,,,,,
강원도,강릉시,,51.0,,,,,,,,,,
강원도,강릉시,,,62.0,,,,,,,,,
강원도,강릉시,,,,51.0,,,,,,,,
강원도,강릉시,,,,,51.0,,,,,,,
강원도,강릉시,,,,,,45.0,,,,,,
강원도,강릉시,,,,,,,33.0,,,,,
강원도,강릉시,,,,,,,,35.0,,,,
강원도,강릉시,,,,,,,,,26.0,,,
강원도,강릉시,,,,,,,,,,31.0,,
강원도,강릉시,,,,,,,,,,,57.0,
강원도,강릉시,,,,,,,,,,,,52.0
강원도,원주시,83.5,,,,,,,,,,,
강원도,원주시,,69.0,,,,,,,,,,
강원도,원주시,,,76.5,,,,,,,,,
강원도,원주시,,,,67.0,,,,,,,,
강원도,원주시,,,,,69.5,,,,,,,
강원도,원주시,,,,,,56.5,,,,,,
강원도,원주시,,,,,,,35.0,,,,,
강원도,원주시,,,,,,,,31.0,,,,
강원도,원주시,,,,,,,,,25.5,,,
강원도,원주시,,,,,,,,,,50.0,,
강원도,원주시,,,,,,,,,,,81.5,
강원도,원주시,,,,,,,,,,,,77.0
강원도,동해시,47.0,,,,,,,,,,,
강원도,동해시,,50.0,,,,,,,,,,
강원도,동해시,,,74.0,,,,,,,,,
강원도,동해시,,,,56.0,,,,,,,,
강원도,동해시,,,,,56.0,,,,,,,
강원도,동해시,,,,,,38.0,,,,,,
강원도,동해시,,,,,,,30.0,,,,,
강원도,동해시,,,,,,,,31.0,,,,
강원도,동해시,,,,,,,,,21.0,,,
강원도,동해시,,,,,,,,,,25.0,,
강원도,동해시,,,,,,,,,,,51.0,
강원도,동해시,,,,,,,,,,,,43.0
강원도,삼척시,43.0,,,,,,,,,,,
강원도,삼척시,,43.0,,,,,,,,,,
강원도,삼척시,,,63.0,,,,,,,,,
강원도,삼척시,,,,48.0,,,,,,,,
강원도,삼척시,,,,,52.0,,,,,,,
강원도,삼척시,,,,,,42.0,,,,,,
강원도,삼척시,,,,,,,32.0,,,,,
강원도,삼척시,,,,,,,,30.0,,,,
강원도,삼척시,,,,,,,,,23.0,,,
강원도,삼척시,,,,,,,,,,31.0,,
강원도,삼척시,,,,,,,,,,,57.0,
강원도,삼척시,,,,,,,,,,,,50.0
충청북도,청주시,76.5,,,,,,,,,,,
충청북도,청주시,,62.25,,,,,,,,,,
충청북도,청주시,,,74.0,,,,,,,,,
충청북도,청주시,,,,67.25,,,,,,,,
충청북도,청주시,,,,,74.0,,,,,,,
충청북도,청주시,,,,,,68.5,,,,,,
충청북도,청주시,,,,,,,40.25,,,,,
충청북도,청주시,,,,,,,,42.75,,,,
충청북도,청주시,,,,,,,,,39.5,,,
충청북도,청주시,,,,,,,,,,61.0,,
충청북도,청주시,,,,,,,,,,,98.75,
충청북도,청주시,,,,,,,,,,,,84.75
충청북도,충주시,76.5,,,,,,,,,,,
충청북도,충주시,,60.0,,,,,,,,,,
충청북도,충주시,,,69.0,,,,,,,,,
충청북도,충주시,,,,56.0,,,,,,,,
충청북도,충주시,,,,,54.0,,,,,,,
충청북도,충주시,,,,,,46.0,,,,,,
충청북도,충주시,,,,,,,30.5,,,,,
충청북도,충주시,,,,,,,,27.5,,,,
충청북도,충주시,,,,,,,,,25.5,,,
충청북도,충주시,,,,,,,,,,46.5,,
충청북도,충주시,,,,,,,,,,,78.5,
충청북도,충주시,,,,,,,,,,,,70.0
충청북도,제천시,78.0,,,,,,,,,,,
충청북도,제천시,,68.0,,,,,,,,,,
충청북도,제천시,,,75.0,,,,,,,,,
충청북도,제천시,,,,62.0,,,,,,,,
충청북도,제천시,,,,,66.0,,,,,,,
충청북도,제천시,,,,,,54.0,,,,,,
충청북도,제천시,,,,,,,36.0,,,,,
충청북도,제천시,,,,,,,,33.0,,,,
충청북도,제천시,,,,,,,,,26.0,,,
충청북도,제천시,,,,,,,,,,52.0,,
충청북도,제천시,,,,,,,,,,,86.0,
충청북도,제천시,,,,,,,,,,,,77.0
충청북도,청원군,0.0,,,,,,,,,,,
충청북도,청원군,,0.0,,,,,,,,,,
충청북도,청원군,,,0.0,,,,,,,,,
충청북도,청원군,,,,0.0,,,,,,,,
충청북도,청원군,,,,,0.0,,,,,,,
충청북도,청원군,,,,,,0.0,,,,,,
충청북도,청원군,,,,,,,0.0,,,,,
충청북도,청원군,,,,,,,,0.0,,,,
충청북도,청원군,,,,,,,,,0.0,,,
충청북도,청원군,,,,,,,,,,55.0,,
충청북도,청원군,,,,,,,,,,,87.0,
충청북도,청원군,,,,,,,,,,,,74.0
충청남도,천안시,49.5,,,,,,,,,,,
충청남도,천안시,,43.0,,,,,,,,,,
충청남도,천안시,,,57.0,,,,,,,,,
충청남도,천안시,,,,48.0,,,,,,,,
충청남도,천안시,,,,,54.0,,,,,,,
충청남도,천안시,,,,,,52.0,,,,,,
충청남도,천안시,,,,,,,31.0,,,,,
충청남도,천안시,,,,,,,,32.5,,,,
충청남도,천안시,,,,,,,,,29.5,,,
충청남도,천안시,,,,,,,,,,47.0,,
충청남도,천안시,,,,,,,,,,,76.0,
충청남도,천안시,,,,,,,,,,,,61.0
충청남도,당진시,44.0,,,,,,,,,,,
충청남도,당진시,,38.0,,,,,,,,,,
충청남도,당진시,,,54.5,,,,,,,,,
충청남도,당진시,,,,45.0,,,,,,,,
충청남도,당진시,,,,,49.5,,,,,,,
충청남도,당진시,,,,,,43.0,,,,,,
충청남도,당진시,,,,,,,29.5,,,,,
충청남도,당진시,,,,,,,,29.0,,,,
충청남도,당진시,,,,,,,,,32.0,,,
충청남도,당진시,,,,,,,,,,45.0,,
충청남도,당진시,,,,,,,,,,,55.5,
충청남도,당진시,,,,,,,,,,,,55.0
충청남도,서산시,40.0,,,,,,,,,,,
충청남도,서산시,,38.0,,,,,,,,,,
충청남도,서산시,,,56.5,,,,,,,,,
충청남도,서산시,,,,47.0,,,,,,,,
충청남도,서산시,,,,,50.5,,,,,,,
충청남도,서산시,,,,,,44.0,,,,,,
충청남도,서산시,,,,,,,26.5,,,,,
충청남도,서산시,,,,,,,,27.5,,,,
충청남도,서산시,,,,,,,,,20.0,,,
충청남도,서산시,,,,,,,,,,30.5,,
충청남도,서산시,,,,,,,,,,,60.5,
충청남도,서산시,,,,,,,,,,,,49.0
충청남도,아산시,46.0,,,,,,,,,,,
충청남도,아산시,,41.0,,,,,,,,,,
충청남도,아산시,,,61.0,,,,,,,,,
충청남도,아산시,,,,49.0,,,,,,,,
충청남도,아산시,,,,,55.0,,,,,,,
충청남도,아산시,,,,,,45.0,,,,,,
충청남도,아산시,,,,,,,28.0,,,,,
충청남도,아산시,,,,,,,,31.0,,,,
충청남도,아산시,,,,,,,,,57.0,,,
충청남도,아산시,,,,,,,,,,90.0,,
충청남도,아산시,,,,,,,,,,,112.0,
충청남도,아산시,,,,,,,,,,,,50.0
전라북도,전주시,46.666666666666664,,,,,,,,,,,
전라북도,전주시,,42.333333333333336,,,,,,,,,,
전라북도,전주시,,,53.0,,,,,,,,,
전라북도,전주시,,,,46.333333333333336,,,,,,,,
전라북도,전주시,,,,,61.0,,,,,,,
전라북도,전주시,,,,,,58.333333333333336,,,,,,
전라북도,전주시,,,,,,,24.666666666666668,,,,,
전라북도,전주시,,,,,,,,35.666666666666664,,,,
전라북도,전주시,,,,,,,,,34.666666666666664,,,
전라북도,전주시,,,,,,,,,,51.666666666666664,,
전라북도,전주시,,,,,,,,,,,74.0,
전라북도,전주시,,,,,,,,,,,,61.333333333333336
전라북도,군산시,62.0,,,,,,,,,,,
전라북도,군산시,,51.0,,,,,,,,,,
전라북도,군산시,,,68.0,,,,,,,,,
전라북도,군산시,,,,56.0,,,,,,,,
전라북도,군산시,,,,,64.66666666666667,,,,,,,
전라북도,군산시,,,,,,63.666666666666664,,,,,,
전라북도,군산시,,,,,,,29.666666666666668,,,,,
전라북도,군산시,,,,,,,,29.666666666666668,,,,
전라북도,군산시,,,,,,,,,32.333333333333336,,,
전라북도,군산시,,,,,,,,,,42.0,,
전라북도,군산시,,,,,,,,,,,75.66666666666667,
전라북도,군산시,,,,,,,,,,,,62.0
전라북도,익산시,56.0,,,,,,,,,,,
전라북도,익산시,,48.5,,,,,,,,,,
전라북도,익산시,,,60.0,,,,,,,,,
전라북도,익산시,,,,56.5,,,,,,,,
전라북도,익산시,,,,,69.5,,,,,,,
전라북도,익산시,,,,,,66.5,,,,,,
전라북도,익산시,,,,,,,47.0,,,,,
전라북도,익산시,,,,,,,,42.0,,,,
전라북도,익산시,,,,,,,,,40.5,,,
전라북도,익산시,,,,,,,,,,52.0,,
전라북도,익산시,,,,,,,,,,,73.0,
전라북도,익산시,,,,,,,,,,,,57.0
전라북도,남원시,54.0,,,,,,,,,,,
전라북도,남원시,,46.0,,,,,,,,,,
전라북도,남원시,,,69.0,,,,,,,,,
전라북도,남원시,,,,49.0,,,,,,,,
전라북도,남원시,,,,,68.0,,,,,,,
전라북도,남원시,,,,,,49.0,,,,,,
전라북도,남원시,,,,,,,35.0,,,,,
전라북도,남원시,,,,,,,,34.0,,,,
전라북도,남원시,,,,,,,,,30.0,,,
전라북도,남원시,,,,,,,,,,44.0,,
전라북도,남원시,,,,,,,,,,,72.0,
전라북도,남원시,,,,,,,,,,,,59.0
전라북도,정읍시,56.0,,,,,,,,,,,
전라북도,정읍시,,49.0,,,,,,,,,,
전라북도,정읍시,,,70.0,,,,,,,,,
전라북도,정읍시,,,,55.0,,,,,,,,
전라북도,정읍시,,,,,71.0,,,,,,,
전라북도,정읍시,,,,,,59.0,,,,,,
전라북도,정읍시,,,,,,,28.0,,,,,
전라북도,정읍시,,,,,,,,30.0,,,,
전라북도,정읍시,,,,,,,,,33.0,,,
전라북도,정읍시,,,,,,,,,,72.0,,
전라북도,정읍시,,,,,,,,,,,73.0,
전라북도,정읍시,,,,,,,,,,,,55.0
전라북도,고창군,0.0,,,,,,,,,,,
전라북도,고창군,,0.0,,,,,,,,,,
전라북도,고창군,,,0.0,,,,,,,,,
전라북도,고창군,,,,0.0,,,,,,,,
전라북도,고창군,,,,,0.0,,,,,,,
전라북도,고창군,,,,,,0.0,,,,,,
전라북도,고창군,,,,,,,0.0,,,,,
전라북도,고창군,,,,,,,,0.0,,,,
전라북도,고창군,,,,,,,,,0.0,,,
전라북도,고창군,,,,,,,,,,37.0,,
전라북도,고창군,,,,,,,,,,,61.0,
전라북도,고창군,,,,,,,,,,,,44.0
전라남도,여수시,47.25,,,,,,,,,,,
전라남도,여수시,,40.5,,,,,,,,,,
전라남도,여수시,,,61.5,,,,,,,,,
전라남도,여수시,,,,40.75,,,,,,,,
전라남도,여수시,,,,,53.5,,,,,,,
전라남도,여수시,,,,,,35.5,,,,,,
전라남도,여수시,,,,,,,26.5,,,,,
전라남도,여수시,,,,,,,,31.0,,,,
전라남도,여수시,,,,,,,,,29.75,,,
전라남도,여수시,,,,,,,,,,36.75,,
전라남도,여수시,,,,,,,,,,,61.25,
전라남도,여수시,,,,,,,,,,,,51.25
전라남도,광양시,47.0,,,,,,,,,,,
전라남도,광양시,,42.5,,,,,,,,,,
전라남도,광양시,,,62.5,,,,,,,,,
전라남도,광양시,,,,41.25,,,,,,,,
전라남도,광양시,,,,,49.5,,,,,,,
전라남도,광양시,,,,,,38.75,,,,,,
전라남도,광양시,,,,,,,32.25,,,,,
전라남도,광양시,,,,,,,,36.75,,,,
전라남도,광양시,,,,,,,,,31.25,,,
전라남도,광양시,,,,,,,,,,37.5,,
전라남도,광양시,,,,,,,,,,,59.75,
전라남도,광양시,,,,,,,,,,,,54.5
전라남도,순천시,43.5,,,,,,,,,,,
전라남도,순천시,,36.5,,,,,,,,,,
전라남도,순천시,,,55.75,,,,,,,,,
전라남도,순천시,,,,36.5,,,,,,,,
전라남도,순천시,,,,,49.25,,,,,,,
전라남도,순천시,,,,,,33.75,,,,,,
전라남도,순천시,,,,,,,23.5,,,,,
전라남도,순천시,,,,,,,,25.0,,,,
전라남도,순천시,,,,,,,,,24.0,,,
전라남도,순천시,,,,,,,,,,31.0,,
전라남도,순천시,,,,,,,,,,,50.75,
전라남도,순천시,,,,,,,,,,,,40.75
전라남도,목포시,44.0,,,,,,,,,,,
전라남도,목포시,,38.0,,,,,,,,,,
전라남도,목포시,,,46.0,,,,,,,,,
전라남도,목포시,,,,36.0,,,,,,,,
전라남도,목포시,,,,,53.0,,,,,,,
전라남도,목포시,,,,,,47.0,,,,,,
전라남도,목포시,,,,,,,29.0,,,,,
전라남도,목포시,,,,,,,,22.0,,,,
전라남도,목포시,,,,,,,,,28.0,,,
전라남도,목포시,,,,,,,,,,31.0,,
전라남도,목포시,,,,,,,,,,,52.0,
전라남도,목포시,,,,,,,,,,,,44.0
전라남도,영암군,48.0,,,,,,,,,,,
전라남도,영암군,,43.0,,,,,,,,,,
전라남도,영암군,,,50.0,,,,,,,,,
전라남도,영암군,,,,37.0,,,,,,,,
전라남도,영암군,,,,,49.0,,,,,,,
전라남도,영암군,,,,,,38.0,,,,,,
전라남도,영암군,,,,,,,0.0,,,,,
전라남도,영암군,,,,,,,,37.0,,,,
전라남도,영암군,,,,,,,,,33.0,,,
전라남도,영암군,,,,,,,,,,42.0,,
전라남도,영암군,,,,,,,,,,,70.0,
전라남도,영암군,,,,,,,,,,,,55.0
경상북도,포항시,42.0,,,,,,,,,,,
경상북도,포항시,,40.8,,,,,,,,,,
경상북도,포항시,,,52.6,,,,,,,,,
경상북도,포항시,,,,43.8,,,,,,,,
경상북도,포항시,,,,,50.8,,,,,,,
경상북도,포항시,,,,,,40.0,,,,,,
경상북도,포항시,,,,,,,29.4,,,,,
경상북도,포항시,,,,,,,,31.6,,,,
경상북도,포항시,,,,,,,,,29.2,,,
경상북도,포항시,,,,,,,,,,31.0,,
경상북도,포항시,,,,,,,,,,,50.8,
경상북도,포항시,,,,,,,,,,,,60.8
경상북도,구미시,44.333333333333336,,,,,,,,,,,
경상북도,구미시,,40.666666666666664,,,,,,,,,,
경상북도,구미시,,,56.666666666666664,,,,,,,,,
경상북도,구미시,,,,42.333333333333336,,,,,,,,
경상북도,구미시,,,,,54.0,,,,,,,
경상북도,구미시,,,,,,39.0,,,,,,
경상북도,구미시,,,,,,,20.333333333333332,,,,,
경상북도,구미시,,,,,,,,26.0,,,,
경상북도,구미시,,,,,,,,,23.666666666666668,,,
경상북도,구미시,,,,,,,,,,33.666666666666664,,
경상북도,구미시,,,,,,,,,,,58.666666666666664,
경상북도,구미시,,,,,,,,,,,,53.0
경상북도,김천시,51.0,,,,,,,,,,,
경상북도,김천시,,43.0,,,,,,,,,,
경상북도,김천시,,,61.0,,,,,,,,,
경상북도,김천시,,,,43.0,,,,,,,,
경상북도,김천시,,,,,52.0,,,,,,,
경상북도,김천시,,,,,,46.0,,,,,,
경상북도,김천시,,,,,,,34.0,,,,,
경상북도,김천시,,,,,,,,36.0,,,,
경상북도,김천시,,,,,,,,,33.0,,,
경상북도,김천시,,,,,,,,,,43.0,,
경상북도,김천시,,,,,,,,,,,74.0,
경상북도,김천시,,,,,,,,,,,,71.0
경상북도,경주시,45.0,,,,,,,,,,,
경상북도,경주시,,43.0,,,,,,,,,,
경상북도,경주시,,,58.0,,,,,,,,,
경상북도,경주시,,,,45.0,,,,,,,,
경상북도,경주시,,,,,50.0,,,,,,,
경상북도,경주시,,,,,,51.0,,,,,,
경상북도,경주시,,,,,,,45.0,,,,,
경상북도,경주시,,,,,,,,45.0,,,,
경상북도,경주시,,,,,,,,,35.0,,,
경상북도,경주시,,,,,,,,,,37.0,,
경상북도,경주시,,,,,,,,,,,64.0,
경상북도,경주시,,,,,,,,,,,,52.0
경상북도,안동시,54.0,,,,,,,,,,,
경상북도,안동시,,47.0,,,,,,,,,,
경상북도,안동시,,,59.0,,,,,,,,,
경상북도,안동시,,,,38.0,,,,,,,,
경상북도,안동시,,,,,41.0,,,,,,,
경상북도,안동시,,,,,,29.0,,,,,,
경상북도,안동시,,,,,,,18.0,,,,,
경상북도,안동시,,,,,,,,19.0,,,,
경상북도,안동시,,,,,,,,,28.0,,,
경상북도,안동시,,,,,,,,,,35.0,,
경상북도,안동시,,,,,,,,,,,70.0,
경상북도,안동시,,,,,,,,,,,,66.0
경상북도,영주시,60.0,,,,,,,,,,,
경상북도,영주시,,56.0,,,,,,,,,,
경상북도,영주시,,,67.0,,,,,,,,,
경상북도,영주시,,,,50.0,,,,,,,,
경상북도,영주시,,,,,50.0,,,,,,,
경상북도,영주시,,,,,,36.0,,,,,,
경상북도,영주시,,,,,,,28.0,,,,,
경상북도,영주시,,,,,,,,28.0,,,,
경상북도,영주시,,,,,,,,,23.0,,,
경상북도,영주시,,,,,,,,,,39.0,,
경상북도,영주시,,,,,,,,,,,69.0,
경상북도,영주시,,,,,,,,,,,,64.0
경상남도,창원시,43.4,,,,,,,,,,,
경상남도,창원시,,39.6,,,,,,,,,,
경상남도,창원시,,,62.0,,,,,,,,,
경상남도,창원시,,,,45.8,,,,,,,,
경상남도,창원시,,,,,54.0,,,,,,,
경상남도,창원시,,,,,,44.2,,,,,,
경상남도,창원시,,,,,,,34.6,,,,,
경상남도,창원시,,,,,,,,33.2,,,,
경상남도,창원시,,,,,,,,,18.0,,,
경상남도,창원시,,,,,,,,,,40.8,,
경상남도,창원시,,,,,,,,,,,63.4,
경상남도,창원시,,,,,,,,,,,,61.0
경상남도,마산시,47.5,,,,,,,,,,,
경상남도,마산시,,45.5,,,,,,,,,,
경상남도,마산시,,,61.0,,,,,,,,,
경상남도,마산시,,,,47.0,,,,,,,,
경상남도,마산시,,,,,56.0,,,,,,,
경상남도,마산시,,,,,,45.0,,,,,,
경상남도,마산시,,,,,,,42.0,,,,,
경상남도,마산시,,,,,,,,42.0,,,,
경상남도,마산시,,,,,,,,,21.0,,,
경상남도,마산시,,,,,,,,,,46.0,,
경상남도,마산시,,,,,,,,,,,57.5,
경상남도,마산시,,,,,,,,,,,,56.5
경상남도,진주시,49.666666666666664,,,,,,,,,,,
경상남도,진주시,,43.333333333333336,,,,,,,,,,
경상남도,진주시,,,62.666666666666664,,,,,,,,,
경상남도,진주시,,,,47.666666666666664,,,,,,,,
경상남도,진주시,,,,,52.0,,,,,,,
경상남도,진주시,,,,,,38.0,,,,,,
경상남도,진주시,,,,,,,34.666666666666664,,,,,
경상남도,진주시,,,,,,,,39.666666666666664,,,,
경상남도,진주시,,,,,,,,,18.0,,,
경상남도,진주시,,,,,,,,,,38.333333333333336,,
경상남도,진주시,,,,,,,,,,,59.666666666666664,
경상남도,진주시,,,,,,,,,,,,58.333333333333336
경상남도,진해,46.0,,,,,,,,,,,
경상남도,진해,,44.0,,,,,,,,,,
경상남도,진해,,,66.0,,,,,,,,,
경상남도,진해,,,,49.0,,,,,,,,
경상남도,진해,,,,,58.0,,,,,,,
경상남도,진해,,,,,,53.0,,,,,,
경상남도,진해,,,,,,,47.0,,,,,
경상남도,진해,,,,,,,,49.0,,,,
경상남도,진해,,,,,,,,,36.0,,,
경상남도,진해,,,,,,,,,,35.0,,
경상남도,진해,,,,,,,,,,,69.0,
경상남도,진해,,,,,,,,,,,,62.0
경상남도,하동군,51.0,,,,,,,,,,,
경상남도,하동군,,47.0,,,,,,,,,,
경상남도,하동군,,,70.0,,,,,,,,,
경상남도,하동군,,,,58.0,,,,,,,,
경상남도,하동군,,,,,68.0,,,,,,,
경상남도,하동군,,,,,,57.0,,,,,,
경상남도,하동군,,,,,,,43.0,,,,,
경상남도,하동군,,,,,,,,42.0,,,,
경상남도,하동군,,,,,,,,,31.0,,,
경상남도,하동군,,,,,,,,,,38.0,,
경상남도,하동군,,,,,,,,,,,53.0,
경상남도,하동군,,,,,,,,,,,,51.0
경상남도,김해시,44.0,,,,,,,,,,,
경상남도,김해시,,45.0,,,,,,,,,,
경상남도,김해시,,,54.5,,,,,,,,,
경상남도,김해시,,,,37.5,,,,,,,,
경상남도,김해시,,,,,42.0,,,,,,,
경상남도,김해시,,,,,,39.5,,,,,,
경상남도,김해시,,,,,,,33.5,,,,,
경상남도,김해시,,,,,,,,33.5,,,,
경상남도,김해시,,,,,,,,,32.0,,,
경상남도,김해시,,,,,,,,,,36.0,,
경상남도,김해시,,,,,,,,,,,54.0,
경상남도,김해시,,,,,,,,,,,,52.0
경상남도,양산시,35.5,,,,,,,,,,,
경상남도,양산시,,33.5,,,,,,,,,,
경상남도,양산시,,,53.0,,,,,,,,,
경상남도,양산시,,,,36.0,,,,,,,,
경상남도,양산시,,,,,43.0,,,,,,,
경상남도,양산시,,,,,,34.5,,,,,,
경상남도,양산시,,,,,,,26.5,,,,,
경상남도,양산시,,,,,,,,27.5,,,,
경상남도,양산시,,,,,,,,,13.0,,,
경상남도,양산시,,,,,,,,,,35.0,,
경상남도,양산시,,,,,,,,,,,53.0,
경상남도,양산시,,,,,,,,,,,,50.5
제주특별자치도,제주시,53.0,,,,,,,,,,,
제주특별자치도,제주시,,43.0,,,,,,,,,,
제주특별자치도,제주시,,,71.0,,,,,,,,,
제주특별자치도,제주시,,,,49.5,,,,,,,,
제주특별자치도,제주시,,,,,60.5,,,,,,,
제주특별자치도,제주시,,,,,,39.0,,,,,,
제주특별자치도,제주시,,,,,,,31.0,,,,,
제주특별자치도,제주시,,,,,,,,29.0,,,,
제주특별자치도,제주시,,,,,,,,,29.0,,,
제주특별자치도,제주시,,,,,,,,,,48.0,,
제주특별자치도,제주시,,,,,,,,,,,91.5,
제주특별자치도,제주시,,,,,,,,,,,,51.5
제주특별자치도,서귀포시,56.0,,,,,,,,,,,
제주특별자치도,서귀포시,,38.0,,,,,,,,,,
제주특별자치도,서귀포시,,,70.0,,,,,,,,,
제주특별자치도,서귀포시,,,,43.0,,,,,,,,
제주특별자치도,서귀포시,,,,,52.0,,,,,,,
제주특별자치도,서귀포시,,,,,,34.0,,,,,,
제주특별자치도,서귀포시,,,,,,,30.0,,,,,
제주특별자치도,서귀포시,,,,,,,,27.0,,,,
제주특별자치도,서귀포시,,,,,,,,,28.0,,,
제주특별자치도,서귀포시,,,,,,,,,,38.0,,
제주특별자치도,서귀포시,,,,,,,,,,,77.0,
제주특별자치도,서귀포시,,,,,,,,,,,,55.0
