"구분(1)",구분(2),구분(3),구분(4),2020.09,2020.10,2020.11,2020.12,2021.01,2021.02
"도시대기",서울,중구,중구,0.4,0.5,0.5,0.6,0.6,0.6
"도시대기",서울,종로구,종로구,0.4,0.5,0.6,0.7,0.7,0.6
"도시대기",서울,중랑구,중랑구,0.4,0.5,0.5,0.6,0.6,0.6
"도시대기",서울,동대문구,동대문구,0.4,0.5,0.6,0.6,0.6,0.6
"도시대기",서울,은평구,은평구,0.3,0.5,0.6,0.6,0.6*,0.5
"도시대기",서울,마포구,마포구,0.4,0.5,0.6,0.6,0.6,0.6
"도시대기",서울,영등포구,영등포구,0.5,0.5,0.6,0.7,0.7,0.6
"도시대기",서울,동작구,동작구,0.3,0.4,0.5,0.5,0.5,0.5
"도시대기",서울,관악구,관악구,0.4,0.5,0.6,0.6,0.6,0.6
"도시대기",서울,강남구,강남구,0.4,0.5,0.6,0.6,0.6,0.6
"도시대기",서울,금천구,금천구,0.4,0.5,0.6,0.6,0.6,0.6
"도시대기",서울,강동구,강동구,0.4,0.5,0.5,0.6,0.5,0.6
"도시대기",서울,강북구,강북구,0.3,0.5,0.5,0.6,0.5,0.5
"도시대기",서울,성북구,성북구,0.3,0.5,0.7,0.7,0.7,0.6
"도시대기",서울,용산구,용산구,0.3,0.4,0.5,0.5,0.5,0.5
"도시대기",서울,광진구,광진구,0.4,0.7,0.6,0.6,0.6,0.6
"도시대기",서울,성동구,성동구,0.3,0.4,0.5,0.6,0.6,0.6
"도시대기",서울,도봉구,도봉구,0.2,0.4,0.4,0.5,0.5,0.4
"도시대기",서울,서대문구,서대문구,0.3,0.5,0.8,0.7,0.7,0.7
"도시대기",서울,구로구,구로구,0.3,0.4,0.4,0.5,0.5,0.4
"도시대기",서울,서초구,서초구,0.3,0.5,0.5,0.5,0.4,0.4
"도시대기",서울,강서구,강서구,0.3,0.5,0.6,0.4,0.5,0.6
"도시대기",서울,송파구,송파구,0.4,0.5,0.6,0.6,0.6,0.6
"도시대기",서울,양천구,양천구,0.4,0.5,0.6,0.6,0.6,0.6
"도시대기",서울,노원구,노원구,0.4,0.5,0.6,0.6,0.7,0.7
"도시대기",부산,중구,광복동,0.3,0.4,0.4,0.4,0.4,0.4
"도시대기",부산,남구,대연동,0.5,0.5,0.5,0.5,0.5,0.5
"도시대기",부산,사상구,학장동,0.3,0.3,0.3,0.4,0.4,0.4
"도시대기",부산,사상구,덕포동,0.4,0.4,0.5,0.6,0.5,0.5
"도시대기",부산,북구,덕천동,0.4,0.4,0.5,0.5,0.5,0.5
"도시대기",부산,사하구,장림동,0.4,0.5,0.5,0.5,0.5,0.5
"도시대기",부산,사하구,당리동,0.4,0.4,0.4,0.5,0.5,0.5
"도시대기",부산,부산진구,전포동,0.3,0.4,0.5,0.4,0.4,0.4
"도시대기",부산,부산진구,개금동,0.4,0.5,0.5,0.5,0.5,0.5
"도시대기",부산,연제구,연산동,0.3,0.4,0.4,0.4,0.4,0.3
"도시대기",부산,영도구,태종대,0.3,0.3,0.3,0.3,0.3,0.3
"도시대기",부산,영도구,청학동,0.3,0.3,0.3,0.4,0.3,0.3
"도시대기",부산,금정구,청룡동,0.4*,0.5,0.5,0.5,0.5,0.5
"도시대기",부산,금정구,부곡동,0.3,0.4,0.4,0.4,0.4,0.5
"도시대기",부산,금정구,회동동,-,0.4*,0.4,0.5,0.4,0.5
"도시대기",부산,해운대구,좌동,0.4,0.4,0.4,0.4,0.4,0.4
"도시대기",부산,해운대구,재송동,0.3,0.4,0.4,0.4,0.4,0.4
"도시대기",부산,강서구,대저동,0.4,0.4,0.4,0.4,0.4,0.4
"도시대기",부산,강서구,녹산동,0.3,0.3,0.3,0.3,0.3,0.4
"도시대기",부산,강서구,명지동,0.3*,0.4,0.4,0.4,0.4,0.4
"도시대기",부산,기장군,기장읍,0.4,0.3,0.3,0.3,0.3,0.4
"도시대기",부산,기장군,용수리,0.3,0.3,0.4,0.4,0.3,0.4
"도시대기",부산,동구,수정동,0.5,0.4,0.4,0.3,0.3,0.4
"도시대기",부산,서구,대신동,0.4,0.4,0.4,0.5,0.5,0.4
"도시대기",대구,중구,수창동,0.3,0.4,0.6,0.5,0.5,0.5
"도시대기",대구,서구,이현동,0.4,0.3,0.5,0.4,0.4,0.5
"도시대기",대구,남구,대명동,0.3,0.4,0.5,0.5,0.6,0.5
"도시대기",대구,북구,노원동,0.3,0.3,0.4,0.3**,0.0,0.0
"도시대기",대구,북구,태전동,0.4,0.5,0.5,0.6,0.6,0.5
"도시대기",대구,동구,신암동,0.3,0.5,0.5,0.6,0.5*,0.4
"도시대기",대구,동구,서호동,0.0,0.0,0.5,0.5,0.5,0.5
"도시대기",대구,수성구,만촌동,0.5,0.5,0.6,0.7,0.7,0.7
"도시대기",대구,수성구,지산동,0.4,0.6,0.7,0.8,0.7,0.6
"도시대기",대구,수성구,시지동,0.3,0.3,0.4,0.4,0.5,0.5
"도시대기",대구,달서구,호림동,0.4,0.4*,0.3,0.5,0.3,0.3
"도시대기",대구,달서구,진천동,0.3,0.4,0.5,0.6,0.6,0.5
"도시대기",대구,달서구,본동,0.4,0.4,0.4,0.6,0.5,0.5
"도시대기",대구,달성군,유가읍,0.3,0.5,0.4,0.5,0.5,0.4
"도시대기",대구,달성군,다사읍,0.3,0.4,0.4,0.4,0.4,0.4
"도시대기",인천,중구,신흥,0.4,0.5,0.6,0.6,0.6,0.6
"도시대기",인천,중구,영종,0.5*,0.4,0.4,0.5,0.5,0.4
"도시대기",인천,중구,운서,0.4,0.5,0.5,0.6,0.6,0.5
"도시대기",인천,동구,송림,0.6,0.7,0.7,0.8,0.7*,0.6
"도시대기",인천,남동구,구월동,0.5,0.6,0.7,0.8,0.7,0.6
"도시대기",인천,남동구,고잔,0.4*,0.5,0.6,0.7,0.6,0.6
"도시대기",인천,남동구,서창,0.4*,0.5,0.6,0.6,0.6,0.6
"도시대기",인천,남동구,논현,0.4,0.5,0.6,0.6,0.6,0.6
"도시대기",인천,부평구,부평,0.4,0.5,0.6,0.6,0.6,0.6
"도시대기",인천,부평구,삼산,0.4,0.5,0.6,0.6,0.6,0.6
"도시대기",인천,옹진군,영흥,0.3,0.4,0.4,0.4,0.4,0.4
"도시대기",인천,서구,연희,0.4,0.4,0.5,0.5,0.5,0.5
"도시대기",인천,서구,석남,0.4,0.5,0.6,0.6,0.6,0.6
"도시대기",인천,서구,검단,0.4,0.5,0.6,0.6,0.6,0.6
"도시대기",인천,서구,원당,0.4,0.5,0.6,0.7,0.7,0.6
"도시대기",인천,서구,청라,0.4,0.5,0.5,0.6,0.6,0.6
"도시대기",인천,계양구,계산,0.4*,0.3,0.6,0.7,0.6*,0.6*
"도시대기",인천,강화군,송해,0.3*,0.4,0.4,0.5,0.5,0.5
"도시대기",인천,강화군,길상,0.4,0.5,0.5,0.7,0.6,0.6
"도시대기",인천,연수구,동춘,0.4,0.5,0.6,0.6,0.6,0.6
"도시대기",인천,연수구,송도,0.4,0.5,0.5,0.6,0.5,0.6
"도시대기",인천,연수구,아암,0.3**,0.4,0.4,0.4,0.4,0.4
"도시대기",인천,미추홀구,숭의,0.4,0.5,0.6,0.6,0.6,0.6
"도시대기",인천,미추홀구,주안,0.4**,0.4,0.6,0.6,0.6,0.6
"도시대기",광주,동구,서석동,0.3,0.4,0.6,0.6,0.7,0.6
"도시대기",광주,서구,농성동,0.4,0.5,0.6,0.7,0.6,0.6
"도시대기",광주,서구,유촌동,-,-,-,0.4,0.4,0.4
"도시대기",광주,북구,두암동,0.4,0.4,0.5,0.6,0.6,0.6
"도시대기",광주,북구,건국동,0.3,0.3,0.4,0.3,0.4,0.3
"도시대기",광주,북구,일곡동,-,-,-,0.3,0.4,0.3
"도시대기",광주,광산구,송정1동,0.3,0.4,0.5**,-,-,-
"도시대기",광주,광산구,오선동,0.3,0.4,0.4,0.4,0.4,0.4
"도시대기",광주,광산구,평동,0.3,0.3,0.5,0.6,0.6,0.5
"도시대기",광주,광산구,우산동,-,-,0.4*,0.5,0.5,0.4
"도시대기",광주,남구,주월동,0.3,0.4,0.6,0.6,0.6,0.4
"도시대기",광주,남구,노대동,0.3,0.3,0.5,0.5,0.4,0.5
"도시대기",대전,대덕구,읍내동,0.5,0.4,0.8,0.7,0.8,0.8
"도시대기",대전,대덕구,문평동,0.3*,0.3,0.3,0.4,0.4,0.4
"도시대기",대전,중구,문창동,0.2,0.4,0.5,0.6,0.6,0.6
"도시대기",대전,유성구,상대동,0.3,0.4,0.4,0.5,0.5,0.5
"도시대기",대전,유성구,구성동,0.4*,0.4,0.5,0.5,0.5,0.5
"도시대기",대전,유성구,노은동,0.3,0.3,0.4,0.4,0.4,0.4
"도시대기",대전,유성구,관평동,-,-,-,0.6,0.7,0.7
"도시대기",대전,동구,성남동,0.3,0.4,0.5,0.6,0.6,0.5
"도시대기",대전,동구,대성동,0.3,0.3,0.4,0.4,0.4,0.4
"도시대기",대전,서구,정림동,0.4,0.4,0.5,0.5,0.7,0.6
"도시대기",대전,서구,둔산동,0.5,0.4,0.6,0.5,0.6,0.7
"도시대기",울산,중구,성남동,0.4,0.4,0.4,0.5,0.5,0.5
"도시대기",울산,중구,약사동,0.5,0.5,0.5,0.5,0.6,0.5
"도시대기",울산,남구,부곡동,0.7,0.6,0.6,0.6,0.5,0.6
"도시대기",울산,남구,여천동,0.7,0.6,0.6,0.6,0.6,0.6
"도시대기",울산,남구,야음동,0.4,0.4,0.5,0.5,0.5,0.5
"도시대기",울산,남구,신정동,0.6,0.6,0.6,0.6,0.6,0.6
"도시대기",울산,남구,무거동,0.4,0.4,0.4,0.4,0.4,0.5
"도시대기",울산,남구,삼산동,0.5,0.5,0.6,0.6,0.6,0.5
"도시대기",울산,울주군,덕신리,0.5**,0.5,0.5,0.5,0.5,0.5
"도시대기",울산,울주군,웅촌면,0.6,0.6,0.4,0.5,0.5,0.4
"도시대기",울산,울주군,범서읍,0.3,0.3,0.3,0.4,0.4,0.4
"도시대기",울산,울주군,삼남면,0.6,0.5,0.5,0.5,0.4,0.5
"도시대기",울산,울주군,화산리,0.7,0.6,0.5,0.5,0.5,0.5
"도시대기",울산,울주군,상남리,0.3,0.4,0.4,0.5,0.5,0.4
"도시대기",울산,북구,효문동,0.3,0.3,0.4,0.4,0.4,0.4
"도시대기",울산,북구,농소동,0.5**,0.6,0.6,0.6,0.6,0.6
"도시대기",울산,동구,대송동,0.3,0.4,0.3,0.4,0.4,0.4
"도시대기",울산,동구,전하동,0.3,0.4,0.4,0.5,0.5,0.4
"도시대기",세종,세종,신흥동,0.3,0.4,0.6,0.6,0.6,0.6
"도시대기",세종,세종,아름동,0.4,0.5,0.5,0.6,0.6,0.5
"도시대기",세종,세종,한솔동,0.5,0.4,0.5,0.5,0.6,0.5
"도시대기",세종,세종,부강면,0.5,0.5,0.5,0.6,0.7,0.5
"도시대기",경기,수원,인계동,0.5,0.6,0.7,0.7,0.7,0.7
"도시대기",경기,수원,신풍동,0.4,0.5,0.6,0.5,0.7,0.5
"도시대기",경기,수원,광교동,0.5,0.5,0.6,0.6,0.6,0.6
"도시대기",경기,수원,영통동,0.5,0.6,0.7,0.7,0.7,0.6
"도시대기",경기,수원,천천동,0.4,0.4,0.5,0.6,0.6,0.5
"도시대기",경기,수원,고색동,0.5,0.6,0.6,0.7,0.7,0.6
"도시대기",경기,수원,호매실동,0.5,0.5,0.5,0.5,0.5,0.5
"도시대기",경기,안양,안양6동,0.4,0.5,0.8,1.0,0.9,0.9
"도시대기",경기,안양,부림동,0.5,0.6,0.6,0.6,0.6,0.6
"도시대기",경기,안양,호계동,0.3,0.4,0.4,0.4,0.4,0.5
"도시대기",경기,안양,안양2동,0.6,0.6,0.7,0.7,0.5,0.6
"도시대기",경기,성남,단대동,0.4,0.5,0.5,0.6,0.5,0.5
"도시대기",경기,성남,정자동,0.5,0.5,0.6,0.6,0.6,0.6
"도시대기",경기,성남,수내동,0.5,0.6,0.6,0.6,0.6,0.6
"도시대기",경기,성남,복정동,0.5,0.6,0.7,0.7,0.7,0.6
"도시대기",경기,성남,상대원동,0.4,0.5,0.6,0.5,0.6,0.6
"도시대기",경기,성남,운중동,0.5,0.5,0.6,0.6,0.5,0.5
"도시대기",경기,의정부,의정부동,0.4,0.5,0.6,0.6,0.6,0.6
"도시대기",경기,의정부,의정부1동,0.5,0.5,0.6,0.7,0.7,0.7
"도시대기",경기,의정부,송산3동,-,-,0.5,0.6,0.6,0.5
"도시대기",경기,광명,철산동,0.5,0.5,0.6,0.6,0.5,0.5
"도시대기",경기,광명,소하동,0.3,0.5,0.5,0.5,0.5,0.5
"도시대기",경기,안산,고잔동,0.3,0.4,0.5,0.5,0.5,0.5
"도시대기",경기,안산,원시동,0.3,0.4,0.4,0.4,0.4,0.5
"도시대기",경기,안산,본오동,0.0,0.6**,0.7,0.6,0.6,0.6
"도시대기",경기,안산,부곡동,0.3,0.5,0.5,0.6,0.5,0.5
"도시대기",경기,안산,대부동,0.3,0.4,0.4,0.5,0.4,0.5
"도시대기",경기,안산,호수동,0.4,0.5,0.5,0.5,0.5,0.5
"도시대기",경기,평택,비전동,0.3,0.4,0.4,0.5,0.4,0.5
"도시대기",경기,평택,안중,0.3,0.4,0.4,0.4,0.4,0.4
"도시대기",경기,평택,평택항,0.4,0.4,0.4,0.5,0.4,0.5
"도시대기",경기,평택,송북동,0.4,0.5,0.6,0.6,0.6,0.6
"도시대기",경기,평택,청북읍,0.4,0.5,0.4,0.5,0.4,0.4
"도시대기",경기,과천,별양동,0.5,0.5,0.6,0.5,0.5,0.5
"도시대기",경기,과천,과천동,0.4,0.5,0.6,0.7,0.7,0.7
"도시대기",경기,구리,교문동,0.3,0.3,0.4,0.4,0.4,0.4
"도시대기",경기,구리,동구동,0.3,0.4,0.5,0.5,0.5,0.5
"도시대기",경기,의왕,부곡3동,0.3,0.4,0.5,0.6,0.5,0.6
"도시대기",경기,의왕,고천동,0.4,0.4,0.4,0.5,0.6,0.6
"도시대기",경기,고양,행신동,0.3,0.4,0.6,0.6,0.6,0.6
"도시대기",경기,고양,식사동,0.4,0.4,0.4,0.5,0.4,0.4
"도시대기",경기,고양,신원동,0.3,0.4,0.5,0.5,0.4,0.5
"도시대기",경기,고양,주엽동,0.4,0.5,0.6,0.7,0.7,0.6
"도시대기",경기,광주,경안동,0.3,0.4,0.6,0.6,0.6,0.5
"도시대기",경기,광주,오포읍,0.4,0.5,0.7,0.7,0.7,0.6
"도시대기",경기,광주,곤지암,-,-,-,0.6,0.6,0.5
"도시대기",경기,군포,당동,0.4,0.5,0.5,0.6,0.6,0.6
"도시대기",경기,군포,산본동,0.3,0.4,0.3,0.5,0.5,0.5
"도시대기",경기,시흥,정왕동,0.4,0.5,0.6,0.6,0.6,0.6
"도시대기",경기,시흥,시화산단,0.5,0.6,0.7*,0.0,0.0,0.7
"도시대기",경기,시흥,대야동,0.5,0.6,0.6,0.7,0.6*,0.7
"도시대기",경기,시흥,목감동,0.5,0.6,0.6,0.6,0.6,0.6
"도시대기",경기,시흥,장현동,0.3,0.4,0.4,0.5,0.5,0.5
"도시대기",경기,부천,소사본동,0.5,0.7,0.7,0.6,0.6,0.5
"도시대기",경기,부천,내동,0.4,0.4,0.5,0.5,0.6,0.5
"도시대기",경기,부천,중2동,0.4,0.5,0.6,0.8,0.6*,0.5
"도시대기",경기,부천,오정동,0.5,0.7,0.8,0.8,0.7,0.6
"도시대기",경기,남양주,금곡동,0.4,0.5,0.5,0.6,0.5,0.5
"도시대기",경기,남양주,오남읍,0.4,0.4,0.4,0.5,0.5,0.5
"도시대기",경기,남양주,별내동,0.3,0.4,0.5,0.5,0.5,0.5
"도시대기",경기,남양주,화도읍,0.3,0.4,0.5,0.6,0.6,0.5
"도시대기",경기,남양주,와부읍,-,-,-,-,0.5,0.5
"도시대기",경기,남양주,진접읍,-,-,-,-,0.5,0.5
"도시대기",경기,용인,김량장동,0.4,0.4,0.5,0.6,0.5,0.5
"도시대기",경기,용인,수지,0.5,0.5,0.5,0.6,0.6,0.5
"도시대기",경기,용인,기흥,0.4,0.4,0.5,0.5,0.5,0.5
"도시대기",경기,용인,모현읍,0.4,0.4,0.5,0.6,0.6,0.6
"도시대기",경기,용인,이동읍,0.5,0.5,0.6,0.6,0.5,0.6
"도시대기",경기,용인,백암면,0.4,0.6,0.5,0.6,0.7,0.5
"도시대기",경기,김포,사우동,0.5**,0.4,0.5,0.5,0.6,0.5
"도시대기",경기,김포,고촌읍,0.3,0.3,0.4,0.4,0.4,0.4
"도시대기",경기,김포,월곶면,0.3,0.4,0.4,0.5,0.4,0.4
"도시대기",경기,김포,한강신도시,0.4,0.5,0.6,0.7,0.6,0.6
"도시대기",경기,오산,오산동,0.4,0.5,0.5,0.6,0.5,0.5
"도시대기",경기,하남,신장동,0.4,0.5,0.5,0.6,0.5,0.5
"도시대기",경기,하남,미사,0.3,0.4,0.6,0.6,0.6,0.6
"도시대기",경기,화성,남양읍,0.4,0.4,0.4,0.5,0.5,0.5
"도시대기",경기,화성,향남,0.4,0.5,0.5,0.5,0.4,0.4
"도시대기",경기,화성,동탄동,0.4,0.4,0.5,0.5,0.5,0.5
"도시대기",경기,화성,우정읍,0.4,0.5,0.5,0.5,0.5,0.5
"도시대기",경기,화성,새솔동,0.4**,0.5,0.6,0.5,0.6,0.6
"도시대기",경기,화성,봉담읍,0.4,0.5,0.6,0.6,0.6,0.6
"도시대기",경기,화성,서신면,0.4,0.4,0.5,0.5,0.5,0.5
"도시대기",경기,화성,청계동,0.4,0.4,0.5,0.5,0.5,0.5
"도시대기",경기,양주,백석읍,0.3,0.4,0.5,0.6,0.5,0.5
"도시대기",경기,양주,고읍,0.3,0.4,0.5,0.6,0.5,0.5
"도시대기",경기,동두천,보산동,0.4,0.5,0.5,0.6,0.5,0.5
"도시대기",경기,안성,봉산동,0.5,0.4,0.5,0.5,0.6,0.5
"도시대기",경기,안성,공도읍,0.4,0.5,0.6,0.5,0.5,0.5
"도시대기",경기,안성,죽산면,0.4,0.5,0.5,0.6,0.6,0.5
"도시대기",경기,이천,창전동,0.4,0.5,0.5,0.5,0.5,0.5
"도시대기",경기,이천,장호원읍,0.4,0.4,0.5,0.5,0.4,0.5
"도시대기",경기,이천,부발읍,0.4,0.5,0.5,0.6,0.5,0.5
"도시대기",경기,파주,금촌동,0.4,0.4,0.6,0.7,0.7,0.6
"도시대기",경기,파주,운정,0.5,0.5,0.6,0.6,0.6,0.6
"도시대기",경기,파주,파주읍,0.3,0.4,0.4,0.6,0.5,0.5
"도시대기",경기,포천,선단동,0.3,0.5,0.6,0.7,0.7,0.6
"도시대기",경기,포천,일동면,0.3,0.4,0.5,0.5,0.5,0.5
"도시대기",경기,여주,중앙동,0.4,0.5,0.6*,0.6,0.5,0.5
"도시대기",경기,여주,대신면,0.4,0.4,0.5,0.5,0.4,0.4
"도시대기",경기,여주,가남읍,-,-,-,0.6,0.5,0.5
"도시대기",경기,연천,연천,0.3,0.5,0.5,0.6,0.6,0.6
"도시대기",경기,가평,가평읍,0.3,0.4,0.5,0.5,0.5,0.4
"도시대기",경기,가평,설악면,0.3,0.4,0.4,0.5,0.5,0.5
"도시대기",경기,양평,양평,0.4,0.4,0.5,0.7,0.7,0.6
"도시대기",경기,양평,용문면,0.4,0.5,0.5,0.6,0.6,0.5
"도시대기",강원,양구,양구읍,0.4,0.5,0.5,0.5,0.6,0.6
"도시대기",강원,고성,상리,0.3,0.3,0.3,0.3,0.4,0.5
"도시대기",강원,정선,정선읍사무소,0.5,0.4,0.3,0.5,0.5,0.4
"도시대기",강원,횡성,횡성군,0.4,0.3,0.5,0.5,0.6,0.5
"도시대기",강원,춘천,중앙로,0.0,0.0,0.5**,0.6,0.6,0.5
"도시대기",강원,춘천,석사동,0.4,0.5,0.6,0.7,0.8,0.7
"도시대기",강원,춘천,신사우동,0.4,0.4,0.5,0.6,0.6,0.6
"도시대기",강원,강릉,옥천동,0.5,0.5,0.4,0.4,0.4,0.3
"도시대기",강원,원주,중앙동,0.3,0.4,0.6,0.7,0.7,0.6
"도시대기",강원,원주,문막읍,0.3,0.4,0.5,0.6,0.6,0.5
"도시대기",강원,원주,반곡동,0.3,0.4,0.4,0.6,0.6,0.5
"도시대기",강원,동해,천곡동,0.4,0.5,0.4,0.4,0.5,0.5
"도시대기",강원,삼척,남양동,0.3,0.3,0.4,0.4,0.4,0.4
"도시대기",강원,평창,평창읍,0.3,0.4,0.4,0.5,0.6,0.5
"도시대기",강원,양양,양양군,0.4,0.4,0.4,0.4,0.5,0.5
"도시대기",강원,속초,금호동,0.4,0.3,0.4,0.4,0.5,0.5
"도시대기",강원,영월,영월읍,0.4,0.5,0.6,0.5,0.5,0.4
"도시대기",강원,철원,철원군,0.4,0.4,0.4,0.4,-,-
"도시대기",강원,철원,갈말읍,-,-,-,-,0.5,0.5
"도시대기",강원,홍천,홍천읍,0.4,0.4,0.5,0.7,0.6,0.5
"도시대기",강원,화천,화천군,0.3,0.4,0.4,0.6,0.5,0.6
"도시대기",강원,태백,태백시,0.5,0.4,0.5,0.8,-,-
"도시대기",강원,태백,황지동,-,-,-,-,0.6,0.4
"도시대기",강원,인제,인제군,0.4,0.4,0.4*,0.3,0.5,0.5
"도시대기",충북,괴산,괴산읍,0.4,0.5,0.5,0.6,0.6,0.6
"도시대기",충북,괴산,감물면,0.4,0.4,0.4,0.5,0.5,0.4
"도시대기",충북,음성,음성읍,0.3,0.4,0.4,0.5,0.5,0.4
"도시대기",충북,음성,소이면,0.3,0.3,0.3,0.5,0.6,0.5
"도시대기",충북,청주,송정동,0.4,0.4,0.6,0.7,0.6,0.5
"도시대기",충북,청주,사천동,0.3,0.4,0.5,0.6,0.6,0.6
"도시대기",충북,청주,용담동,0.4,0.4,0.4,0.5,0.5,0.5
"도시대기",충북,청주,용암동,0.4,0.5,0.5,0.6,0.6,0.6
"도시대기",충북,청주,오창읍,0.4,0.4,0.5,0.7,0.6,0.6
"도시대기",충북,청주,산남동,0.3,0.4,0.4,0.4,0.6,0.5
"도시대기",충북,청주,가덕면,0.3,0.3,0.4,0.5,0.5,0.5
"도시대기",충북,청주,오송읍,0.3,0.4,0.5,0.5,0.6,0.5
"도시대기",충북,충주,호암동,0.3,0.4,0.5,0.6,0.6,0.7
"도시대기",충북,충주,칠금동,0.4,0.4,0.5,0.6,0.6,0.6
"도시대기",충북,충주,중앙탑면,0.4,0.4,0.4,0.4,0.5,0.6
"도시대기",충북,충주,살미면,0.4,0.4,0.5,0.5,0.6,0.6
"도시대기",충북,제천,장락동,0.4,0.4,0.7,1.0,0.9,0.8
"도시대기",충북,제천,영천동,0.4,0.5,0.6,0.8,0.7,0.6
"도시대기",충북,제천,청풍면,0.4,0.4,0.5,0.6,0.6,0.5
"도시대기",충북,단양,매포읍,0.4,0.5,0.6,0.7,0.5,0.7
"도시대기",충북,단양,단성면,0.4,0.5,0.6,0.6,0.7,0.6
"도시대기",충북,단양,단양읍,0.4,0.5,0.5,0.7,0.6,0.6
"도시대기",충북,진천,진천읍,0.3,0.6,0.7,0.7,0.7,0.7
"도시대기",충북,진천,덕산읍,0.4,0.4,0.4,0.4,0.4,0.4
"도시대기",충북,옥천,옥천읍,0.4,0.5,0.4,0.5,0.6,0.6
"도시대기",충북,영동,영동읍,0.4,0.4,0.5,0.6,0.5,0.6
"도시대기",충북,증평,증평읍,0.4,0.4,0.5,0.6,0.5,0.5
"도시대기",충북,보은,보은읍,0.4,0.5,0.5,0.6,0.6,0.5
"도시대기",충남,천안,성황동,0.4,0.4,0.5,0.5,0.5,0.5
"도시대기",충남,천안,백석동,0.5,0.7,0.6,0.5,0.5,0.6
"도시대기",충남,천안,성거읍,0.4,0.5,0.5,0.6,0.5,0.5
"도시대기",충남,천안,신방동,0.3,0.4,0.4,0.5,0.5,0.5
"도시대기",충남,당진,송산면,0.5,0.6,0.6,0.6,0.6,0.6
"도시대기",충남,당진,당진시청사,0.4,0.4,0.4,0.5,0.5,0.4
"도시대기",충남,서산,독곶리,0.4,0.4,0.4,0.5,0.5,0.4
"도시대기",충남,서산,동문동,0.5**,0.0,0.4,0.4,0.4,0.4
"도시대기",충남,서산,대산리,0.5,0.5,0.5,0.5,0.6,0.5
"도시대기",충남,서산,성연면,0.4,0.4,0.3,0.5,0.5,0.5
"도시대기",충남,아산,모종동,0.3,0.4,0.5,0.5,0.5,0.5
"도시대기",충남,아산,배방읍,0.3,0.4,0.4,0.5,0.5,0.5
"도시대기",충남,아산,도고면,0.5,0.6,0.6,0.5,0.5,0.4
"도시대기",충남,아산,둔포면,0.4,0.4,0.5,0.5,0.4,0.4
"도시대기",충남,아산,인주면,0.3,0.4,0.4,0.5,0.5,0.5
"도시대기",충남,논산,논산,0.5,0.6,0.6,0.6,0.5,0.6
"도시대기",충남,논산,연무읍사무소,0.5,0.7,0.7,0.6,0.6,0.6
"도시대기",충남,태안,이원면,0.3,0.4,0.6,0.5,0.5,0.5
"도시대기",충남,태안,태안읍,0.4,0.4,0.6,0.6,0.5,0.4
"도시대기",충남,보령,대천2동,0.4,0.3,0.7,0.3,0.5,0.5
"도시대기",충남,보령,주교면,0.4,0.6,0.7,0.7,0.7,0.7
"도시대기",충남,홍성,홍성읍,0.4,0.4,0.4,0.4,0.4,0.4
"도시대기",충남,홍성,내포,0.4,0.4,0.4,0.5,0.5,0.6
"도시대기",충남,공주,공주,0.3,0.4,0.4,0.4,0.3,0.3
"도시대기",충남,공주,탄천면,0.4,0.4,0.4,0.4,0.4,0.4
"도시대기",충남,부여,부여읍,0.6,0.5,0.6,0.6,0.4,0.3
"도시대기",충남,청양,청양읍,0.3,0.4,0.4,0.4,0.4,0.3
"도시대기",충남,청양,정산면사무소,0.5,0.6,0.6,0.6,0.7,0.5
"도시대기",충남,금산,금산읍,0.4,0.4,0.4,0.5,0.5,0.5
"도시대기",충남,예산,예산군,0.3,0.4,0.5,0.4,0.5,0.5
"도시대기",충남,계룡,엄사면,0.4,0.5,0.5,0.5,0.6,0.5
"도시대기",충남,서천,서천읍,0.4,0.4,0.5,0.5,0.5,0.5
"도시대기",충남,서천,서면,0.4,0.4,0.5,0.5,0.4,0.4
"도시대기",충남,서천,장항읍,0.3,0.5,0.5,0.6,0.5,0.5
"도시대기",전북,임실,임실읍,0.3*,0.4*,0.4,0.4,0.5,0.4
"도시대기",전북,임실,관촌면,-,-,-,-,0.5,0.4
"도시대기",전북,전주,삼천동,0.4,0.4,0.4,0.5,0.5,0.5
"도시대기",전북,전주,팔복동,0.3,0.3,0.3,0.6,0.6,0.5
"도시대기",전북,전주,노송동,0.5,0.5,0.6,0.6,0.5,0.4
"도시대기",전북,전주,송천동,0.4,0.4,0.4,0.4,0.4,0.4
"도시대기",전북,전주,혁신동,0.4,0.4,0.5,0.4,0.5,0.6
"도시대기",전북,군산,신풍동,0.5,0.5,0.5,0.5,0.6,0.4
"도시대기",전북,군산,소룡동,0.3,0.4,0.4,0.4,0.4,0.4
"도시대기",전북,군산,개정동,0.4*,0.5,0.5,0.5,0.4,0.4
"도시대기",전북,군산,옥산면,0.4,0.4,0.5,0.5,0.5,0.5
"도시대기",전북,군산,비응도동,0.4,0.5,0.5,0.5,0.5,0.5
"도시대기",전북,익산,함열읍,0.3,0.0,0.0,0.0,0.0,0.0
"도시대기",전북,익산,팔봉동,0.4,0.4,0.4,0.4,0.4,0.4
"도시대기",전북,익산,모현동,0.3,0.4,0.4,0.4,0.4,0.4
"도시대기",전북,익산,삼기면,0.3,0.3,0.3,0.3,0.3,0.4
"도시대기",전북,익산,용동면,0.3,0.3,0.3,0.4,0.6,0.4
"도시대기",전북,남원,죽항동,0.3,0.4,0.4,0.5,0.5,0.5
"도시대기",전북,정읍,연지동,0.4,0.4,0.5,0.5,0.5,0.5
"도시대기",전북,정읍,신태인,0.3,0.4,0.4,0.4,0.5,0.4
"도시대기",전북,고창,고창읍,0.2*,0.3,0.3,0.3,0.3,0.3
"도시대기",전북,고창,심원면,0.2,0.3,0.3,0.3,0.3,0.4
"도시대기",전북,부안,부안읍,0.4,0.4,0.5,0.4,0.5,0.4
"도시대기",전북,부안,계화면,-,-,-,-,0.4,0.5
"도시대기",전북,김제,요촌동,0.5,0.4,0.4,0.5,0.5,0.5
"도시대기",전북,완주,고산면,0.4,0.4,0.4,0.4,0.5,0.4
"도시대기",전북,완주,봉동읍,0.3,0.3,0.3,0.4,0.4,0.4
"도시대기",전북,완주,구이면,-,-,-,-,0.4*,0.3
"도시대기",전북,진안,진안읍,0.2,0.3,0.4,0.4,0.4,0.4
"도시대기",전북,무주,무주읍,0.3,0.3,0.4,0.4,0.4,0.4
"도시대기",전북,순창,순창읍,0.3,0.3,0.4,0.4,0.4,0.4
"도시대기",전북,장수,장수읍,0.3,0.3,0.3,0.4,0.4,0.4
"도시대기",전남,화순,화순읍,0.5,0.3,0.4,0.5*,0.5,0.5
"도시대기",전남,여수,서강동,0.4,0.5,0.5*,0.6,0.7,0.6
"도시대기",전남,여수,월내동,0.5,0.6,0.6,0.6,0.6,0.6
"도시대기",전남,여수,문수동,0.5,0.6,0.6,0.7,0.7,0.6
"도시대기",전남,여수,여천동,0.6,0.7,0.5,0.6,0.8,0.7
"도시대기",전남,여수,덕충동,0.5,0.5,0.6,0.6,0.6,0.6
"도시대기",전남,여수,화양면,0.5,0.5,0.4,0.5,0.5,0.5
"도시대기",전남,여수,율촌면,0.5,0.5,0.5,0.5,0.6,0.6
"도시대기",전남,여수,삼일동,0.5,0.5,0.5,0.6,0.6,0.5
"도시대기",전남,광양,중동,0.4,0.4,0.4,0.5,0.5,0.5
"도시대기",전남,광양,태인동,0.4,0.4,0.4,0.5,0.4,0.5
"도시대기",전남,광양,진상면,0.3,0.3,0.3,0.3,0.5,0.4
"도시대기",전남,광양,광양읍,0.4,0.4,0.4,0.4,0.5,0.5
"도시대기",전남,순천,장천동,0.3,0.3,0.4,0.4,0.4,0.4
"도시대기",전남,순천,연향동,0.4,0.4,0.5,0.5,0.5,0.4
"도시대기",전남,순천,순천만,0.5**,0.0,0.0,0.7,1.0*,0.6
"도시대기",전남,순천,호두리,0.5,0.6**,0.0,0.4,0.5,0.5
"도시대기",전남,순천,신대,0.4,0.4,0.4,0.4,0.4,0.4
"도시대기",전남,목포,용당동,0.4,0.2,0.3,0.4,0.5,0.5
"도시대기",전남,목포,부흥동,0.4,0.3,0.4,0.5,0.5,0.4
"도시대기",전남,영암,나불리,0.3,0.3,0.3,0.4,-,-
"도시대기",전남,영암,영암읍,0.4,0.3,0.3,0.3,0.4,0.5
"도시대기",전남,영암,대불,-,-,-,-,0.4,0.4
"도시대기",전남,나주,빛가람동,0.4,0.4,0.4,0.4,0.4,0.4
"도시대기",전남,담양,담양읍,0.3,0.2,0.3,0.3,0.3,0.3
"도시대기",전남,장성,장성읍,0.3,0.3,0.3,0.3,0.3,0.3
"도시대기",전남,해남,해남읍,0.4,0.3,0.3,0.3,0.3,0.4
"도시대기",전남,영광,영광읍,0.4,0.4,0.4,0.4,0.4,0.4
"도시대기",전남,장흥,장흥읍,0.4,0.4,0.4,0.4**,0.0,0.5**
"도시대기",전남,진도,진도읍,0.3,0.4,0.4,0.4,0.4,0.5
"도시대기",전남,완도,신지면,0.5,0.5,0.4,0.3,0.3,0.5
"도시대기",전남,함평,함평읍,0.7,0.5,0.6,0.7,0.0,0.6
"도시대기",전남,고흥,고흥읍,0.6,0.6,0.3,0.4,0.5,0.4
"도시대기",전남,신안,신안군,0.3,0.3,0.2,0.2,0.3,0.4
"도시대기",전남,무안,무안읍,0.4,0.4,0.4,0.4,0.4,0.4
"도시대기",전남,강진,강진읍,0.3,0.3,0.3*,0.4,0.4,0.4
"도시대기",전남,곡성,곡성읍,0.5*,0.5,0.3,0.7,0.6,0.5
"도시대기",전남,구례,구례읍,0.4,0.4,0.5,0.4,0.4,0.5
"도시대기",전남,보성,벌교읍,0.6,0.5*,0.6,0.6,0.5,0.5
"도시대기",경북,영덕,영덕읍,0.3,0.3,0.3,0.3,0.4,0.4
"도시대기",경북,영덕,영해면,-,-,-,0.3**,0.3,0.3
"도시대기",경북,영천,영천시,0.4,0.5,0.5,0.5,0.5,0.5
"도시대기",경북,의성,의성읍,0.4,0.4,0.6,0.7,0.6,0.5
"도시대기",경북,포항,장흥동,0.9,0.4**,0.4,0.6,0.8,0.8
"도시대기",경북,포항,장량동,0.3,0.4,0.4,0.4,0.3,0.4
"도시대기",경북,포항,대도동,0.2,0.5,0.6,0.6,0.7,0.4
"도시대기",경북,포항,대송면,0.6,0.5,0.7,0.8,0.5,0.4
"도시대기",경북,포항,3공단,0.6,0.4,0.3,0.4,0.4,0.4
"도시대기",경북,포항,송도동,0.2,0.4,0.5,0.7,0.7,0.5
"도시대기",경북,포항,오천읍,0.3,0.4,0.5,0.5,0.6,0.4
"도시대기",경북,포항,청림동,0.4,0.6,0.8,0.8,0.8,0.8
"도시대기",경북,구미,공단동,0.3,0.4,0.4,0.4,0.5,0.6
"도시대기",경북,구미,원평동,0.3,0.4,0.5,0.5,0.5,0.7
"도시대기",경북,구미,형곡동,0.2,0.2*,0.0,0.5**,0.5,0.5
"도시대기",경북,구미,4공단,0.3,0.3,0.4,0.5,0.5,0.6
"도시대기",경북,김천,문당동,0.5,0.4,0.5,0.8,0.7*,-
"도시대기",경북,김천,대광동,0.2,0.3,0.5,0.4,0.6,0.6
"도시대기",경북,김천,율곡동,0.4,0.2,0.4,0.6,0.6,0.4
"도시대기",경북,김천,평화남산동,-,-,0.5,0.8,0.7*,0.3
"도시대기",경북,경주,성건동,0.4,0.3,0.4,0.4,0.4,0.4
"도시대기",경북,경주,보덕동,0.3,0.3,0.3,0.3,0.3,0.3
"도시대기",경북,경주,안강읍,0.3,0.4,0.4,0.4,0.4,0.4
"도시대기",경북,경주,외동읍,0.3,0.4,0.4,0.4,0.4,0.4
"도시대기",경북,안동,명륜동,0.3,0.4,0.6,0.6,0.7,0.7
"도시대기",경북,영주,가흥동,0.4,0.4,0.5,0.7,0.7,0.6
"도시대기",경북,경산,중방동,0.4,0.4,0.5,0.5,0.6,0.5
"도시대기",경북,상주,상주시,0.3,0.4,0.4,0.5,0.5,0.4
"도시대기",경북,칠곡,칠곡군,0.3,0.3,0.4,0.4,0.4,0.4
"도시대기",경북,울진,울진군,0.4,0.4,0.4,0.4,0.4,0.4
"도시대기",경북,봉화,석포면,0.3,0.4,0.4,0.6,0.5,0.5
"도시대기",경북,울릉도,울릉읍,0.2,0.2,0.2,0.4,0.4,0.4
"도시대기",경북,고령,대가야읍,0.3,0.3,0.4,0.5,0.5,0.6
"도시대기",경북,군위,군위군,0.4,0.4,0.4,0.5,0.5,0.5
"도시대기",경북,성주,성주군,0.4,0.3,0.6,0.6,0.7,0.6
"도시대기",경북,예천,예천군,0.3,0.3,0.3,0.3,0.3,0.3
"도시대기",경북,청도,화양읍,0.3,0.4,0.4,0.5,0.4,0.5
"도시대기",경북,청송,청송군,0.3,0.4,0.4,0.3,0.3,0.4
"도시대기",경북,영양,영양군,0.2,0.3,0.3,0.5,0.4,0.3
"도시대기",경북,문경,문경시,0.3,0.3,0.3,0.4,0.4,0.4
"도시대기",경남,창원,명서동,0.4,0.4,0.5,0.5,0.6,0.5
"도시대기",경남,창원,웅남동,0.4,0.4,0.5,0.5,0.6,0.3
"도시대기",경남,창원,성주동,0.4,0.4,0.4,0.5,0.5,0.5
"도시대기",경남,창원,용지동,0.5,0.4,0.5,0.5,0.5,0.6
"도시대기",경남,창원,사파동,0.4*,0.0,0.5**,0.5,0.4,0.5
"도시대기",경남,창원,경화동,0.4,0.4,0.4,0.5,0.5,0.4
"도시대기",경남,창원,회원동,0.4,0.4,0.4,0.5,0.7,0.4
"도시대기",경남,창원,봉암동,0.3,0.3,0.3,0.4,0.5,0.4
"도시대기",경남,창원,월영동,0.4,0.4,0.4,0.5,0.4,0.4
"도시대기",경남,창원,내서읍,-,-,-,0.5**,0.4,0.4
"도시대기",경남,진주,상봉동,0.4,0.5,0.5,0.5,0.5,0.6
"도시대기",경남,진주,대안동,0.4*,0.0,0.4**,0.5,0.5,0.5
"도시대기",경남,진주,상대동,0.4,0.4,0.5,0.5,0.5,0.6
"도시대기",경남,진주,정촌면,-,-,-,0.6**,0.5,0.5
"도시대기",경남,하동,하동읍,0.3,0.4,0.4,0.5,0.5,0.4
"도시대기",경남,김해,동상동,0.4**,0.0,0.4*,0.5,0.5,0.4
"도시대기",경남,김해,삼방동,0.3,0.3,0.3,0.4,0.4,0.3
"도시대기",경남,김해,장유동,0.4*,0.4,0.4,0.4,0.5,0.5
"도시대기",경남,김해,진영읍,0.4,0.4,0.5,0.5,0.5,0.5
"도시대기",경남,양산,북부동,0.4,0.5,0.5,0.5,0.7,0.8
"도시대기",경남,양산,삼호동,0.4,0.5,0.5,0.5,0.5,0.5
"도시대기",경남,양산,물금읍,-,-,-,0.4**,0.4,0.4
"도시대기",경남,거제,아주동,0.4,0.4,0.4,0.4**,0.5**,0.6
"도시대기",경남,거제,고현동,-,-,-,0.5**,0.4,0.4
"도시대기",경남,사천,사천읍,0.3,0.4,0.4,0.5,0.4,0.4
"도시대기",경남,사천,향촌동,-,-,-,0.5**,0.4,0.4
"도시대기",경남,밀양,내일동,0.3,0.4,0.3,0.3,0.3,0.2
"도시대기",경남,통영,무전동,0.2,0.3,0.3,0.4,0.4,0.4
"도시대기",경남,고성,고성읍,0.4,0.4,0.4,0.5,0.5,0.5
"도시대기",경남,거창,거창읍,0.3,0.4,0.5,0.5,0.4,0.4
"도시대기",경남,함안,가야읍,0.3,0.4,0.4,0.5,0.5,0.5
"도시대기",경남,함양,함양읍,0.4,0.3,0.4,0.4,0.5,0.4
"도시대기",경남,남해,남해읍,0.4,0.4,0.4,0.5,0.5,0.5
"도시대기",경남,산청,산청읍,0.3,0.3,0.4,0.4,0.4,0.3
"도시대기",경남,의령,의령읍,0.3,0.3,0.4,0.4,0.4,0.4
"도시대기",경남,창녕,창녕읍,0.3,0.4,0.4,0.4,0.4,0.4
"도시대기",경남,합천,합천읍,0.3,0.3,0.3,0.4,0.4,0.4
"도시대기",제주,제주,이도동,0.3,0.3,0.3,0.4,0.4,0.4
"도시대기",제주,제주,연동,0.4,0.3,0.3,0.3,0.4,0.3
"도시대기",제주,제주,조천읍,-,-,-,-,0.2,0.3
"도시대기",제주,제주,한림읍,-,-,-,-,0.3,0.3
"도시대기",제주,서귀포,동홍동,0.2,0.2,0.3,0.3,0.3,0.2
"도시대기",제주,서귀포,성산읍,0.1,0.2,0.2,0.3,0.3,0.3
"도시대기",제주,서귀포,대정읍,0.3,0.3,0.3,0.4,0.4,0.3
"도시대기",제주,서귀포,남원읍,0.3,0.3,0.3,0.3,0.3,0.4
"국가배경농도",인천,옹진군,백령도,0.4,0.4,0.4,0.5,0.6,0.6*
"국가배경농도",인천,옹진군,연평도,-,0.3,0.3,0.4,0.3,0.4
"국가배경농도",인천,옹진,울도,0.3,0.3,0.3,0.4,0.4,0.6
"국가배경농도",충남,보령,외연도,0.2,0.2,0.2,0.2,0.3,0.3
"국가배경농도",전남,영광,안마도,0.5,0.5,0.5,0.6,0.5,0.4
"국가배경농도",전남,신안,홍도,-,-,-,0.3*,0.3,0.3
"국가배경농도",전남,신안,가거도,-,-,-,0.2,0.2,0.3
"국가배경농도",경북,울릉도,태하리,0.2,0.2,0.2,0.2,0.2**,0.3
"국가배경농도",제주,제주,고산리,0.2**,0.2**,0.2,0.2,0.2,0.2
"교외대기",인천,강화군,석모리,0.6,0.6,0.5,0.6,0.6,0.5
"교외대기",인천,옹진군,덕적도,0.3,0.2,0.3,0.4,0.3,0.4
"교외대기",인천,서구,경인항,0.4,0.4,0.5,0.5,-,-
"교외대기",인천,중구,인천항,-,0.3,0.4,0.5,-,-
"교외대기",울산,남구,울산항,0.4,0.3,0.3,0.3,-,-
"교외대기",경기,이천,설성면,0.3,0.3,0.3,0.4,0.3,0.3
"교외대기",경기,파주,파주,0.2,0.3,0.3,0.4,0.4,0.4
"교외대기",경기,포천,관인면,0.3,0.3,0.4,0.4,0.4,0.4
"교외대기",경기,연천,연천(DMZ),-,-,-,0.4,0.3,0.3
"교외대기",강원,양구,방산면,0.4,0.4,0.4,0.5,0.3,0.4
"교외대기",강원,고성,간성읍,0.3,0.5,0.4,0.5,0.4,0.3
"교외대기",강원,고성,인제(DMZ),-,0.2,0.2,0.2,0.2,0.2
"교외대기",강원,고성,고성(DMZ),-,0.2,0.2,0.3,0.3,0.3
"교외대기",강원,정선,북평면,0.3,0.4,0.6,0.5,0.5,0.4
"교외대기",강원,횡성,치악산,0.2,0.3,0.4,0.6,0.4,0.5
"교외대기",강원,동해,묵호항,0.3,0.4,0.5,0.4,-,-
"교외대기",강원,동해,동해항,0.4,0.4,0.5,0.4,-,-
"교외대기",강원,철원,철원(DMZ),-,0.5,0.4,0.4,0.3,0.4
"교외대기",강원,화천,화천(DMZ),-,0.3,0.3,0.3,0.3,0.4
"교외대기",충북,괴산,청천면,0.2,0.3,0.3,0.3,0.4,0.3
"교외대기",충북,음성,금왕,0.4,0.5,0.5,0.6,0.7,0.6
"교외대기",충남,태안,파도리,0.0,0.0,0.3*,0.4,0.4**,0.4
"교외대기",충남,서산,대산항,0.3,0.3,0.2*,0.3,-,-
"교외대기",충남,당진,평택당진항,-,0.5*,0.7**,0.5,-,-
"교외대기",충남,공주,사곡면,0.3,0.4,0.4*,0.4,0.4,0.3
"교외대기",충남,서천,장항항,0.2,0.2,0.3,0.3,-,-
"교외대기",전북,임실,운암면,0.2*,0.2,0.3,0.4,0.3,0.3
"교외대기",전북,군산,군산항,0.2*,0.2,0.2,0.2,-,-
"교외대기",전북,부안,새만금,0.5,0.6,0.4,0.4,0.4,0.4
"교외대기",전남,화순,송단리,0.2*,0.2,0.2,0.3,0.3,0.3
"교외대기",전남,여수,여수항,0.3*,0.3,0.4,0.5,-,-
"교외대기",전남,광양,광양항,0.3*,0.3,0.4,0.3,-,-
"교외대기",전남,영암,목포항,0.2*,0.2,0.3,0.3,-,-
"교외대기",경북,영덕,강구면,-,0.2*,0.3,0.4,0.2*,0.2
"교외대기",경북,영천,화북면,0.2,0.2,0.4,0.5,0.5,0.4
"교외대기",경북,의성,안계,0.3,0.2,0.3,0.3,0.3,0.4
"교외대기",경북,포항,포항항,0.7,0.9,1.2,1.1,-,-
"교외대기",경남,창원,대산면,0.4,0.4,0.4,0.5,0.3,0.5
"교외대기",경남,창원,부산항,0.3,0.3,0.3,0.4,-,-
"교외대기",경남,창원,마산항,0.2,0.2,0.2,0.3,-,-
"교외대기",경남,거제,저구리,0.0,0.1,0.2,0.2,0.2,0.3
"교외대기",경남,거창,남상면,0.3,0.3,0.3,0.4,0.3,0.3
"도로변대기",서울,서울,한강대로,0.5,0.6,0.7,0.7,0.6,0.6
"도로변대기",서울,서울,청계천로,0.5,0.7,0.7,0.7,0.7,0.7
"도로변대기",서울,서울,종로,0.4,0.5,0.5,0.6,0.6,0.6
"도로변대기",서울,서울,홍릉로,0.4,0.5,0.6,0.7,0.7,0.7
"도로변대기",서울,서울,신촌로,0.5,0.6,0.7,0.8,0.7,0.7
"도로변대기",서울,서울,영등포로,0.5,0.6,0.7,0.7,0.7,0.7
"도로변대기",서울,서울,도산대로,0.6,0.9,0.9,0.9,0.8,0.7
"도로변대기",서울,서울,천호대로,0.5,0.6,0.7,0.7,0.7,0.7
"도로변대기",서울,서울,강남대로,0.6,0.8,0.9,0.9,0.9,0.8
"도로변대기",서울,서울,강변북로,0.5,0.6,0.6,0.7,0.7,0.6
"도로변대기",서울,서울,화랑로,0.0,0.7*,0.7,0.6,0.5,0.5
"도로변대기",서울,서울,공항대로,0.4**,0.6*,0.6,0.7,0.6,0.6
"도로변대기",서울,서울,동작대로,0.3**,0.7*,0.6,0.6,0.6,0.5
"도로변대기",서울,서울,정릉로,0.0,0.6*,0.6,0.7,0.6,0.6
"도로변대기",서울,서울,시흥대로,0.6,0.7,0.6,0.7,0.7,0.6
"도로변대기",서울,서울,시도평균,0.5*,0.6,0.7,0.7,0.7,0.7
"도로변대기",부산,부산,온천동,0.4,0.4,0.4,0.5,0.4,0.4
"도로변대기",부산,부산,초량동,0.5,0.4,0.4,0.4,0.5,0.5
"도로변대기",부산,부산,부산북항,0.4,0.4,0.4,0.4,0.4,0.5
"도로변대기",부산,부산,부산신항,0.3,0.4,0.4,0.4,0.4,0.4
"도로변대기",부산,부산,시도평균,0.4,0.4,0.4,0.4,0.4,0.4
"도로변대기",대구,대구,평리동,0.0,0.0,0.5,0.5,0.5,0.5
"도로변대기",대구,대구,이곡동,0.5,0.5,0.5,0.6,0.6,0.5
"도로변대기",대구,대구,시도평균,0.5**,0.5**,0.5,0.5,0.6,0.5
"도로변대기",인천,인천,석바위,0.5,0.6,0.7,0.7,0.7,0.7
"도로변대기",인천,인천,부평역,0.5,0.6,0.6,0.6,0.6,0.6
"도로변대기",인천,인천,송현,0.4,0.5,0.5,0.6,0.6,0.6
"도로변대기",인천,인천,서해,0.5,0.7,0.6,0.7,0.6,0.7
"도로변대기",인천,인천,남동,0.5,0.9,0.8,1.0,0.8,0.9
"도로변대기",인천,인천,중봉,0.4**,0.5,0.5,0.6,0.6,0.6
"도로변대기",인천,인천,시도평균,0.5,0.6,0.6,0.7,0.7,0.7
"도로변대기",광주,광주,치평동,0.4,0.4,0.5,0.5,0.6,0.5
"도로변대기",광주,광주,운암동,0.4,0.4,0.6,0.6,0.6,0.6
"도로변대기",광주,광주,시도평균,0.4,0.4,0.5,0.6,0.6,0.5
"도로변대기",대전,대전,대흥동1,0.3*,0.4,0.5,0.5,0.5,0.4
"도로변대기",대전,대전,월평동,0.4,0.5,0.4,0.3,0.5,0.6
"도로변대기",대전,대전,시도평균,0.4,0.4,0.4,0.4,0.5,0.5
"도로변대기",울산,울산,신정로,0.7,0.7,0.7,0.6,0.5,0.5
"도로변대기",울산,울산,북부순환도로,-,-,-,0.3**,0.4,0.4
"도로변대기",울산,울산,시도평균,-,-,-,0.6*,0.5,0.5
"도로변대기",경기,수원,경수대로(동수원),0.5,0.6,0.6,0.5,0.5,0.6
"도로변대기",경기,성남,성남대로(모란역),0.6,0.7,0.7,0.8,0.8,0.8
"도로변대기",경기,성남,대왕판교로(백현동),0.6,0.7,0.7,0.8,0.8,0.8
"도로변대기",경기,안산,중앙대로(고잔동),0.4,0.6,0.6,0.6,0.6,0.6
"도로변대기",경기,고양,백마로(마두역),0.5,0.5,0.6,0.7,0.6,0.6
"도로변대기",경기,부천,송내대로(중동),0.4,0.5,0.6,0.6,0.6,0.6
"도로변대기",경기,남양주,경춘로,0.5,0.6,0.7,0.7,0.8,0.9
"도로변대기",경기,용인,중부대로(구갈동),0.5,0.6,0.7,0.6,0.5,0.5
"도로변대기",경기,김포,한강로,0.4,0.5,0.6,0.6,0.6,0.6
"도로변대기",경기,오산,금암로(신장동),0.3,0.4,0.5,0.5,0.5,0.5
"도로변대기",경기,시도평균,소계,0.5,0.6,0.6,0.6,0.6,0.6
"도로변대기",강원,춘천,온의동,0.5,0.5,0.6,0.7,0.7,0.7
"도로변대기",충북,청주,복대동,0.3,0.5,0.6,0.7,0.7,0.6
"도로변대기",충남,천안,성성동,0.4,0.5,0.5,0.5,0.5,0.5
"도로변대기",전북,전주,서신동,0.4,0.4,0.5,0.4,0.5,0.5
"도로변대기",경남,창원,반송로,0.4,0.4,0.5,0.5,0.5,0.4
"도로변대기",제주,제주,노형로,0.3,0.3,0.3,0.3,0.4,0.5
